id,title,year,genre,imdb_id
1,Movie 1,2008,Romance,tt2867825
2,Movie 2,2021,Crime,tt1419610
3,Movie 3,1998,Thriller,tt5614226
4,Movie 4,1984,Documentary,tt5108603
5,Movie 5,2012,Film-Noir,tt4744854
6,Movie 6,1977,Fantasy,tt3341057
7,Movie 7,1990,Adventure,tt2719583
8,Movie 8,2008,Mystery,tt2458591
9,Movie 9,1988,Comedy,tt8078673
10,Movie 10,1992,Biography,tt1533224
11,Movie 11,1980,War,tt1499914
12,Movie 12,1980,Biography,tt2571945
13,Movie 13,1993,Sport,tt4668136
14,Movie 14,2022,Biography,tt4903402
15,Movie 15,2005,Sci-Fi,tt9478454
16,Movie 16,2009,Horror,tt1445199
17,Movie 17,1993,Sci-Fi,tt4335942
18,Movie 18,1972,Film-Noir,tt8038374
19,Movie 19,1991,Action,tt4698379
20,Movie 20,2022,Sport,tt8536477
21,Movie 21,1971,Sport,tt5667265
22,Movie 22,1993,Musical,tt1109031
23,Movie 23,2013,Mystery,tt3678638
24,Movie 24,1999,Horror,tt8090293
25,Movie 25,2007,Biography,tt6708456
26,Movie 26,1971,Animation,tt5661907
27,Movie 27,1990,War,tt3608513
28,Movie 28,2002,Horror,tt4612365
29,Movie 29,1981,Documentary,tt6647119
30,Movie 30,1991,History,tt2714803
31,Movie 31,2013,Action,tt2556017
32,Movie 32,1994,Crime,tt7374122
33,Movie 33,2018,Mystery,tt2622631
34,Movie 34,1996,Mystery,tt7022674
35,Movie 35,2011,Thriller,tt6770619
36,Movie 36,1997,History,tt5437923
37,Movie 37,1985,Adventure,tt1728977
38,Movie 38,1984,Musical,tt8707870
39,Movie 39,2016,Adventure,tt9996414
40,Movie 40,2020,Biography,tt3094235
41,Movie 41,2013,Sci-Fi,tt7350753
42,Movie 42,2024,Animation,tt2322047
43,Movie 43,2021,Music,tt5918715
44,Movie 44,1972,Fantasy,tt7067228
45,Movie 45,2006,Documentary,tt4226067
46,Movie 46,2020,Mystery,tt2166941
47,Movie 47,1976,History,tt1768805
48,Movie 48,1990,War,tt4823498
49,Movie 49,1978,Adventure,tt5855124
50,Movie 50,2008,Mystery,tt2338687
51,Movie 51,1987,Musical,tt4905582
52,Movie 52,1973,War,tt2694522
53,Movie 53,1994,History,tt7377459
54,Movie 54,1983,Animation,tt5663623
55,Movie 55,2019,Sci-Fi,tt8606962
56,Movie 56,1978,Horror,tt7120868
57,Movie 57,1995,Western,tt3728882
58,Movie 58,2022,Mystery,tt7210606
59,Movie 59,1971,Romance,tt6960453
60,Movie 60,1989,Comedy,tt4514944
61,Movie 61,1997,War,tt5479144
62,Movie 62,2016,Crime,tt2197935
63,Movie 63,1976,Thriller,tt3871230
64,Movie 64,2013,Comedy,tt9961380
65,Movie 65,1977,Animation,tt5107245
66,Movie 66,2016,Action,tt3741438
67,Movie 67,2004,Crime,tt8755439
68,Movie 68,1983,Mystery,tt7366205
69,Movie 69,1986,Adventure,tt5528972
70,Movie 70,2005,Animation,tt4684531
71,Movie 71,2019,Sci-Fi,tt6440561
72,Movie 72,2009,Horror,tt1938483
73,Movie 73,1973,Sport,tt4842788
74,Movie 74,1971,Mystery,tt1538552
75,Movie 75,1975,Horror,tt6292423
76,Movie 76,2023,Romance,tt7730428
77,Movie 77,2011,Drama,tt5491946
78,Movie 78,1973,Musical,tt2110460
79,Movie 79,2023,Sci-Fi,tt4539704
80,Movie 80,1998,Western,tt6279418
81,Movie 81,1987,Drama,tt4567281
82,Movie 82,1995,Mystery,tt9375710
83,Movie 83,2013,Musical,tt7637601
84,Movie 84,2003,Sport,tt8698256
85,Movie 85,1979,War,tt3396987
86,Movie 86,2005,Documentary,tt5443951
87,Movie 87,1983,Animation,tt3342608
88,Movie 88,2000,Horror,tt5137722
89,Movie 89,2017,Western,tt5408072
90,Movie 90,1984,Animation,tt8187926
91,Movie 91,1977,War,tt7700828
92,Movie 92,1983,Musical,tt7073292
93,Movie 93,1992,Mystery,tt4679591
94,Movie 94,2009,Musical,tt3320821
95,Movie 95,1990,Documentary,tt9548432
96,Movie 96,1985,Sci-Fi,tt9279821
97,Movie 97,2014,Horror,tt2525206
98,Movie 98,1987,War,tt1790481
99,Movie 99,2016,Biography,tt2839607
100,Movie 100,2022,Fantasy,tt3564251
101,Movie 101,1993,Crime,tt3684052
102,Movie 102,1995,Romance,tt8082668
103,Movie 103,1994,Western,tt2065818
104,Movie 104,2014,Western,tt7455324
105,Movie 105,2010,Adventure,tt7402509
106,Movie 106,1998,Drama,tt8852574
107,Movie 107,1984,History,tt9877065
108,Movie 108,2014,Music,tt5218028
109,Movie 109,1970,Sci-Fi,tt1192619
110,Movie 110,1994,Drama,tt2921859
111,Movie 111,1976,Western,tt5476583
112,Movie 112,1978,Sport,tt6707197
113,Movie 113,1993,Sport,tt2871534
114,Movie 114,1970,Musical,tt5924115
115,Movie 115,2013,Mystery,tt8294150
116,Movie 116,1977,Crime,tt3653446
117,Movie 117,1993,History,tt8612220
118,Movie 118,1980,Music,tt1054447
119,Movie 119,2020,Action,tt5418934
120,Movie 120,1986,Crime,tt9398441
121,Movie 121,1977,Fantasy,tt3997281
122,Movie 122,2004,Drama,tt9517485
123,Movie 123,2004,History,tt2785277
124,Movie 124,2002,Thriller,tt6007072
125,Movie 125,1974,Fantasy,tt9517169
126,Movie 126,2011,Sci-Fi,tt4337174
127,Movie 127,2008,Horror,tt3564217
128,Movie 128,2010,Musical,tt7273233
129,Movie 129,1997,Mystery,tt3710343
130,Movie 130,1976,Romance,tt9897858
131,Movie 131,1978,War,tt1009594
132,Movie 132,1977,Action,tt6438436
133,Movie 133,1981,Film-Noir,tt9197443
134,Movie 134,2003,Drama,tt1326765
135,Movie 135,2002,Sport,tt2876828
136,Movie 136,2017,Action,tt7089806
137,Movie 137,2024,Adventure,tt6159230
138,Movie 138,1992,Action,tt5017343
139,Movie 139,1993,Action,tt1971823
140,Movie 140,2006,Fantasy,tt5041154
141,Movie 141,2004,Music,tt2321324
142,Movie 142,2013,Action,tt2437026
143,Movie 143,2009,Music,tt9153566
144,Movie 144,1991,War,tt2161193
145,Movie 145,1996,Documentary,tt9937326
146,Movie 146,2004,Adventure,tt3109911
147,Movie 147,1970,Crime,tt3154051
148,Movie 148,2004,Documentary,tt8973915
149,Movie 149,2006,Musical,tt3770370
150,Movie 150,2016,Sport,tt5446912
151,Movie 151,1983,Mystery,tt9852897
152,Movie 152,1972,Adventure,tt8099076
153,Movie 153,1970,Film-Noir,tt4553384
154,Movie 154,1974,Horror,tt4374754
155,Movie 155,1995,Sci-Fi,tt6229731
156,Movie 156,2024,Drama,tt7693979
157,Movie 157,1983,History,tt7264956
158,Movie 158,2008,Animation,tt8350099
159,Movie 159,1996,Crime,tt9683481
160,Movie 160,1978,Fantasy,tt8574680
161,Movie 161,1984,Crime,tt3030113
162,Movie 162,1984,Fantasy,tt5159166
163,Movie 163,1995,Documentary,tt4769795
164,Movie 164,2011,Fantasy,tt2074176
165,Movie 165,1982,Sport,tt6672134
166,Movie 166,2020,Horror,tt1352896
167,Movie 167,2001,Drama,tt4860684
168,Movie 168,2008,Drama,tt4694634
169,Movie 169,2018,Sport,tt1120642
170,Movie 170,2021,War,tt2191066
171,Movie 171,2001,Mystery,tt1987737
172,Movie 172,1973,Documentary,tt4841005
173,Movie 173,1999,History,tt2130789
174,Movie 174,2006,War,tt1527021
175,Movie 175,1992,Romance,tt6543670
176,Movie 176,2008,Biography,tt2188789
177,Movie 177,2014,Crime,tt9626108
178,Movie 178,1984,Animation,tt4993055
179,Movie 179,2012,Fantasy,tt5672073
180,Movie 180,1998,Film-Noir,tt9143903
181,Movie 181,2005,Musical,tt4594297
182,Movie 182,1982,History,tt3219824
183,Movie 183,2001,Sport,tt8930103
184,Movie 184,1976,Horror,tt5076817
185,Movie 185,2020,Horror,tt8935169
186,Movie 186,1991,Music,tt7829332
187,Movie 187,1997,Music,tt4194548
188,Movie 188,1971,Thriller,tt2582524
189,Movie 189,2011,Thriller,tt2626229
190,Movie 190,2014,Musical,tt8231838
191,Movie 191,2022,Biography,tt6944126
192,Movie 192,1975,Music,tt8106470
193,Movie 193,1997,Drama,tt7897151
194,Movie 194,1997,Western,tt8835373
195,Movie 195,2013,Thriller,tt1908841
196,Movie 196,2013,Horror,tt2651177
197,Movie 197,1989,Sport,tt2016911
198,Movie 198,1999,Crime,tt7754864
199,Movie 199,1980,Sport,tt6692553
200,Movie 200,2024,Thriller,tt2833230
201,Movie 201,1997,Comedy,tt5171761
202,Movie 202,1994,Fantasy,tt4214348
203,Movie 203,2008,Animation,tt4191175
204,Movie 204,2002,Film-Noir,tt9997381
205,Movie 205,1970,Thriller,tt8526486
206,Movie 206,1996,Animation,tt3351868
207,Movie 207,2021,Mystery,tt8077999
208,Movie 208,1982,Action,tt4078418
209,Movie 209,2010,Documentary,tt5673212
210,Movie 210,1972,Horror,tt8761611
211,Movie 211,2008,Sci-Fi,tt5191056
212,Movie 212,1975,Western,tt2264748
213,Movie 213,1977,War,tt8434500
214,Movie 214,1996,Comedy,tt2642635
215,Movie 215,1978,Biography,tt1848731
216,Movie 216,2006,Horror,tt1247595
217,Movie 217,2002,War,tt2564689
218,Movie 218,2020,Sport,tt4965789
219,Movie 219,2011,Sci-Fi,tt3790237
220,Movie 220,2013,Thriller,tt7818496
221,Movie 221,1993,Fantasy,tt9147706
222,Movie 222,1984,Biography,tt9075854
223,Movie 223,2023,Western,tt4586084
224,Movie 224,2001,Adventure,tt7728339
225,Movie 225,2001,Biography,tt1983738
226,Movie 226,1993,Adventure,tt3762152
227,Movie 227,2010,Mystery,tt7358113
228,Movie 228,2021,Adventure,tt1036161
229,Movie 229,2018,Biography,tt7550190
230,Movie 230,2018,Crime,tt5449368
231,Movie 231,2021,Documentary,tt8633773
232,Movie 232,1981,Film-Noir,tt5785687
233,Movie 233,2008,Thriller,tt8096887
234,Movie 234,1971,Thriller,tt9164991
235,Movie 235,1972,Horror,tt3597059
236,Movie 236,2018,Animation,tt4185957
237,Movie 237,2006,Music,tt5977931
238,Movie 238,2018,Sport,tt4652414
239,Movie 239,1986,Drama,tt1981186
240,Movie 240,2018,Western,tt2022698
241,Movie 241,1971,Mystery,tt6261415
242,Movie 242,1971,Action,tt1959074
243,Movie 243,1997,Animation,tt1841248
244,Movie 244,2023,Drama,tt8999183
245,Movie 245,1992,Biography,tt9436429
246,Movie 246,2006,Romance,tt9910817
247,Movie 247,2001,Film-Noir,tt3641282
248,Movie 248,2002,Horror,tt1954280
249,Movie 249,1970,Musical,tt9519948
250,Movie 250,1988,Musical,tt2344047
251,Movie 251,1971,Adventure,tt4117625
252,Movie 252,2022,Comedy,tt2149597
253,Movie 253,2013,Comedy,tt2140194
254,Movie 254,1995,Crime,tt4946066
255,Movie 255,2001,Music,tt7774229
256,Movie 256,1975,Fantasy,tt3011363
257,Movie 257,2001,Mystery,tt5130808
258,Movie 258,2024,Musical,tt1666754
259,Movie 259,1973,Documentary,tt2375453
260,Movie 260,2024,War,tt8033426
261,Movie 261,1980,Adventure,tt9770838
262,Movie 262,1986,Documentary,tt6307805
263,Movie 263,2007,Crime,tt5374922
264,Movie 264,1993,Sci-Fi,tt4426900
265,Movie 265,1974,Adventure,tt6271130
266,Movie 266,2021,Animation,tt5004485
267,Movie 267,2003,Comedy,tt5456272
268,Movie 268,1975,Comedy,tt7640184
269,Movie 269,1991,Action,tt3195773
270,Movie 270,1980,Drama,tt6033115
271,Movie 271,2017,Horror,tt8670955
272,Movie 272,1985,Biography,tt6304573
273,Movie 273,2002,Music,tt2217071
274,Movie 274,1978,Mystery,tt1156287
275,Movie 275,1975,History,tt8688755
276,Movie 276,1985,Film-Noir,tt2677407
277,Movie 277,1998,Animation,tt2229110
278,Movie 278,1972,Musical,tt4576135
279,Movie 279,1989,Romance,tt9487336
280,Movie 280,2005,Film-Noir,tt5449324
281,Movie 281,1988,Film-Noir,tt3222252
282,Movie 282,1995,Horror,tt6855396
283,Movie 283,1972,Fantasy,tt2154126
284,Movie 284,1988,Action,tt5098412
285,Movie 285,1989,Comedy,tt7199635
286,Movie 286,2001,War,tt5781295
287,Movie 287,1976,Drama,tt3646552
288,Movie 288,2021,History,tt8351517
289,Movie 289,2010,Horror,tt6075395
290,Movie 290,2002,Action,tt9874152
291,Movie 291,2009,War,tt1131249
292,Movie 292,2008,History,tt6022741
293,Movie 293,1987,Comedy,tt2737893
294,Movie 294,2009,Mystery,tt3253031
295,Movie 295,1970,Comedy,tt5437001
296,Movie 296,1980,Horror,tt2936571
297,Movie 297,1997,Comedy,tt2795765
298,Movie 298,1994,Sci-Fi,tt3607983
299,Movie 299,2019,Sci-Fi,tt5569244
300,Movie 300,1992,Horror,tt5727085
301,Movie 301,2000,Mystery,tt4533779
302,Movie 302,1999,Mystery,tt6752576
303,Movie 303,2011,Crime,tt4415796
304,Movie 304,2004,Horror,tt5428914
305,Movie 305,1976,War,tt9479356
306,Movie 306,1985,Sport,tt9196204
307,Movie 307,1995,Musical,tt5213115
308,Movie 308,2017,Adventure,tt1852264
309,Movie 309,2021,Fantasy,tt2548511
310,Movie 310,2018,Comedy,tt8106422
311,Movie 311,1971,War,tt5641923
312,Movie 312,1970,Action,tt1739653
313,Movie 313,2017,Animation,tt1059486
314,Movie 314,1981,Crime,tt6596150
315,Movie 315,1974,Comedy,tt3194789
316,Movie 316,2006,Western,tt5394880
317,Movie 317,2001,Comedy,tt3710895
318,Movie 318,2024,Action,tt8412769
319,Movie 319,1978,Sci-Fi,tt8175395
320,Movie 320,2010,Thriller,tt1162230
321,Movie 321,2004,Musical,tt2876932
322,Movie 322,1988,Horror,tt2262382
323,Movie 323,2017,Film-Noir,tt3500715
324,Movie 324,1985,War,tt1604451
325,Movie 325,1972,Western,tt7194416
326,Movie 326,1989,Sport,tt3484601
327,Movie 327,1993,History,tt8210624
328,Movie 328,2023,Adventure,tt3138181
329,Movie 329,2002,Sport,tt1701771
330,Movie 330,1993,Documentary,tt6171716
331,Movie 331,2021,Mystery,tt7117837
332,Movie 332,1980,History,tt1669324
333,Movie 333,2018,Sport,tt7003042
334,Movie 334,1977,Horror,tt4524499
335,Movie 335,2005,Crime,tt5186414
336,Movie 336,2007,War,tt2724590
337,Movie 337,2009,Music,tt6933742
338,Movie 338,1989,War,tt7817881
339,Movie 339,2004,Romance,tt3592974
340,Movie 340,2017,Sport,tt4971793
341,Movie 341,1994,Film-Noir,tt3726327
342,Movie 342,2004,Drama,tt3970445
343,Movie 343,1994,Sport,tt7917152
344,Movie 344,1998,Western,tt1415846
345,Movie 345,1987,Action,tt4009172
346,Movie 346,2015,Drama,tt6573147
347,Movie 347,1987,Crime,tt7907400
348,Movie 348,1971,Comedy,tt5163555
349,Movie 349,2023,Mystery,tt5476257
350,Movie 350,2004,Mystery,tt3670896
351,Movie 351,1985,Adventure,tt2813543
352,Movie 352,2010,Action,tt7417985
353,Movie 353,2005,History,tt1649691
354,Movie 354,2002,Film-Noir,tt8896868
355,Movie 355,1973,Sport,tt4731818
356,Movie 356,2002,Sport,tt4348276
357,Movie 357,1983,Sci-Fi,tt8722606
358,Movie 358,1990,Drama,tt6866294
359,Movie 359,2017,Mystery,tt6120253
360,Movie 360,1989,Drama,tt4818418
361,Movie 361,1977,Sci-Fi,tt4740036
362,Movie 362,1976,Horror,tt1397023
363,Movie 363,1972,Drama,tt4240180
364,Movie 364,1986,Musical,tt7685149
365,Movie 365,2002,Biography,tt6507321
366,Movie 366,2017,Action,tt5674183
367,Movie 367,1981,Action,tt2164686
368,Movie 368,2020,Thriller,tt5682940
369,Movie 369,1991,Romance,tt6891254
370,Movie 370,2024,Musical,tt9546409
371,Movie 371,1991,Western,tt7705490
372,Movie 372,2015,Romance,tt9996207
373,Movie 373,1999,Comedy,tt6555772
374,Movie 374,2007,Fantasy,tt1463060
375,Movie 375,2007,Adventure,tt2935113
376,Movie 376,2014,Sport,tt5382463
377,Movie 377,2020,Crime,tt3995870
378,Movie 378,2023,Fantasy,tt5453786
379,Movie 379,1977,Action,tt1641849
380,Movie 380,1996,Fantasy,tt2818692
381,Movie 381,1996,Romance,tt8290770
382,Movie 382,2003,Music,tt6799667
383,Movie 383,1990,Fantasy,tt6262632
384,Movie 384,1999,Western,tt8321474
385,Movie 385,2002,Music,tt9580255
386,Movie 386,1997,Fantasy,tt2940214
387,Movie 387,2016,History,tt7462506
388,Movie 388,2002,Biography,tt4188992
389,Movie 389,1974,Adventure,tt5273534
390,Movie 390,2017,Crime,tt1744682
391,Movie 391,1988,Musical,tt8315831
392,Movie 392,1973,Biography,tt1028374
393,Movie 393,2004,Crime,tt9722815
394,Movie 394,2018,Thriller,tt4305700
395,Movie 395,1986,Crime,tt7110622
396,Movie 396,2013,Adventure,tt8235969
397,Movie 397,1997,Sport,tt2173965
398,Movie 398,1999,Music,tt6539837
399,Movie 399,1998,Fantasy,tt6266630
400,Movie 400,2015,Thriller,tt3090865
401,Movie 401,2022,Music,tt6038571
402,Movie 402,1975,History,tt9508103
403,Movie 403,2004,Action,tt6188935
404,Movie 404,2010,Documentary,tt7851696
405,Movie 405,2006,Western,tt6472441
406,Movie 406,1993,Mystery,tt7751158
407,Movie 407,1998,Action,tt5960271
408,Movie 408,2018,Horror,tt3135534
409,Movie 409,2015,Documentary,tt4218542
410,Movie 410,2022,Mystery,tt8053918
411,Movie 411,2000,Western,tt7361002
412,Movie 412,2004,Thriller,tt3919694
413,Movie 413,2002,Action,tt6049101
414,Movie 414,2021,Sci-Fi,tt7812810
415,Movie 415,1990,Sci-Fi,tt1006810
416,Movie 416,2001,Animation,tt6098175
417,Movie 417,1992,Horror,tt5813613
418,Movie 418,2002,Crime,tt4526280
419,Movie 419,1972,History,tt8212326
420,Movie 420,1987,Animation,tt6406444
421,Movie 421,1994,Drama,tt8801207
422,Movie 422,2011,Musical,tt8411939
423,Movie 423,2000,Musical,tt8418210
424,Movie 424,2023,Film-Noir,tt4585314
425,Movie 425,1972,Adventure,tt9576076
426,Movie 426,2009,Musical,tt8938746
427,Movie 427,2015,Fantasy,tt3846949
428,Movie 428,1993,Animation,tt2422633
429,Movie 429,2019,Western,tt5761145
430,Movie 430,2001,Drama,tt9647849
431,Movie 431,2016,Romance,tt6623525
432,Movie 432,1991,Adventure,tt2566777
433,Movie 433,1992,Crime,tt4940441
434,Movie 434,1971,Western,tt6207974
435,Movie 435,1996,Horror,tt4768844
436,Movie 436,2011,Comedy,tt4340845
437,Movie 437,1971,Adventure,tt3472189
438,Movie 438,1995,Romance,tt1409790
439,Movie 439,1986,Comedy,tt1775337
440,Movie 440,2009,Mystery,tt5107776
441,Movie 441,2002,Horror,tt8971465
442,Movie 442,1978,Biography,tt2221854
443,Movie 443,2012,Mystery,tt8640615
444,Movie 444,2023,History,tt7953166
445,Movie 445,2017,Romance,tt4262081
446,Movie 446,2008,Crime,tt7442089
447,Movie 447,1998,Musical,tt9294272
448,Movie 448,2011,Sport,tt7705062
449,Movie 449,2024,Horror,tt5093379
450,Movie 450,1995,History,tt3475836
451,Movie 451,2004,Music,tt1093026
452,Movie 452,2019,Western,tt2788238
453,Movie 453,1994,History,tt8132769
454,Movie 454,1993,Romance,tt4671545
455,Movie 455,1982,Mystery,tt3950888
456,Movie 456,1976,Western,tt9689889
457,Movie 457,2005,Mystery,tt8793853
458,Movie 458,2014,Biography,tt1842524
459,Movie 459,1989,History,tt5180853
460,Movie 460,1970,Thriller,tt3036059
461,Movie 461,1977,Mystery,tt8658158
462,Movie 462,2015,Biography,tt3237058
463,Movie 463,1985,Western,tt8795419
464,Movie 464,1983,Music,tt9910914
465,Movie 465,1981,Thriller,tt6323376
466,Movie 466,2020,Adventure,tt8425149
467,Movie 467,1992,Musical,tt9468772
468,Movie 468,1984,Biography,tt8159521
469,Movie 469,1997,Romance,tt8481188
470,Movie 470,2003,Western,tt3670226
471,Movie 471,1971,War,tt8963715
472,Movie 472,2001,Musical,tt8550917
473,Movie 473,1992,Mystery,tt5348512
474,Movie 474,1991,Animation,tt5147994
475,Movie 475,2020,Drama,tt5652512
476,Movie 476,1994,Romance,tt9745959
477,Movie 477,1991,Film-Noir,tt9130188
478,Movie 478,1991,Biography,tt5013879
479,Movie 479,2018,Sport,tt5606980
480,Movie 480,2021,Adventure,tt8379837
481,Movie 481,2011,Sci-Fi,tt2299954
482,Movie 482,1975,Music,tt5793722
483,Movie 483,1984,Biography,tt4934149
484,Movie 484,2023,History,tt5558623
485,Movie 485,2012,Documentary,tt6634586
486,Movie 486,2006,Horror,tt6363836
487,Movie 487,2002,Film-Noir,tt2351868
488,Movie 488,1977,Documentary,tt3321531
489,Movie 489,2022,Music,tt3530518
490,Movie 490,2013,Documentary,tt4879923
491,Movie 491,2013,Sci-Fi,tt7426265
492,Movie 492,1974,Film-Noir,tt3563646
493,Movie 493,2008,Film-Noir,tt4589533
494,Movie 494,1973,Biography,tt2077581
495,Movie 495,1975,War,tt7960328
496,Movie 496,2014,Biography,tt7838382
497,Movie 497,2001,Documentary,tt6551268
498,Movie 498,2021,Action,tt8816912
499,Movie 499,1999,Horror,tt7975534
500,Movie 500,2016,Music,tt2044645
501,Movie 501,2004,Film-Noir,tt4470105
502,Movie 502,2024,Mystery,tt8048838
503,Movie 503,2009,Music,tt7534336
504,Movie 504,2021,Western,tt1327691
505,Movie 505,1985,Fantasy,tt7381734
506,Movie 506,1982,Fantasy,tt9002392
507,Movie 507,2019,Mystery,tt1098919
508,Movie 508,2011,Film-Noir,tt6901533
509,Movie 509,1999,Film-Noir,tt6009888
510,Movie 510,1988,Drama,tt7542890
511,Movie 511,1986,Romance,tt8030010
512,Movie 512,1988,Sci-Fi,tt4700025
513,Movie 513,1997,Comedy,tt9191131
514,Movie 514,2024,Biography,tt4681284
515,Movie 515,1995,Sport,tt5579094
516,Movie 516,2006,Thriller,tt8312114
517,Movie 517,1995,Biography,tt9147720
518,Movie 518,2022,Documentary,tt1486955
519,Movie 519,1992,Film-Noir,tt7523941
520,Movie 520,1978,Sport,tt6639317
521,Movie 521,1981,Thriller,tt7783308
522,Movie 522,2022,Biography,tt3768991
523,Movie 523,1970,Film-Noir,tt8841505
524,Movie 524,1970,Action,tt3141239
525,Movie 525,2016,Sport,tt9961107
526,Movie 526,2003,Comedy,tt1452421
527,Movie 527,2001,Mystery,tt7610562
528,Movie 528,2023,Sci-Fi,tt1454696
529,Movie 529,2017,Animation,tt2408404
530,Movie 530,1994,Horror,tt8190929
531,Movie 531,2009,Adventure,tt3276659
532,Movie 532,2014,Action,tt8746014
533,Movie 533,2022,Western,tt4048907
534,Movie 534,1970,Sci-Fi,tt1843636
535,Movie 535,1985,Romance,tt5364698
536,Movie 536,2008,Comedy,tt7360307
537,Movie 537,1974,Mystery,tt6492066
538,Movie 538,1991,Animation,tt4551070
539,Movie 539,1998,Documentary,tt8628588
540,Movie 540,2024,History,tt6483562
541,Movie 541,1972,Film-Noir,tt6662319
542,Movie 542,1981,Fantasy,tt7360682
543,Movie 543,1995,Musical,tt5668371
544,Movie 544,1985,Music,tt8072684
545,Movie 545,2020,Adventure,tt5232413
546,Movie 546,2006,Animation,tt2374158
547,Movie 547,1991,Documentary,tt8890439
548,Movie 548,1998,Western,tt1325197
549,Movie 549,1983,Sport,tt1873851
550,Movie 550,1997,Animation,tt6871360
551,Movie 551,1974,Film-Noir,tt4761823
552,Movie 552,2016,Documentary,tt2151225
553,Movie 553,2018,Fantasy,tt1675419
554,Movie 554,1999,Sci-Fi,tt1520596
555,Movie 555,2015,History,tt5148725
556,Movie 556,2021,Documentary,tt4344717
557,Movie 557,1974,Musical,tt1341919
558,Movie 558,1981,Thriller,tt3556551
559,Movie 559,1985,Biography,tt5002120
560,Movie 560,1995,Crime,tt3117636
561,Movie 561,1995,Film-Noir,tt8945036
562,Movie 562,2017,Documentary,tt2919136
563,Movie 563,1990,Music,tt4656838
564,Movie 564,2008,Musical,tt8801975
565,Movie 565,2005,Biography,tt5299055
566,Movie 566,2002,Drama,tt7189034
567,Movie 567,1999,Comedy,tt3815034
568,Movie 568,2006,Action,tt2921542
569,Movie 569,1992,Biography,tt3747534
570,Movie 570,1979,Animation,tt6218367
571,Movie 571,2023,Fantasy,tt2813596
572,Movie 572,1974,Drama,tt1430812
573,Movie 573,2005,Action,tt6233774
574,Movie 574,2003,Crime,tt7296605
575,Movie 575,2021,Fantasy,tt7654757
576,Movie 576,2000,Documentary,tt4327421
577,Movie 577,1979,Biography,tt2275009
578,Movie 578,1988,Music,tt5074336
579,Movie 579,2001,Sci-Fi,tt2709620
580,Movie 580,1970,Adventure,tt6059717
581,Movie 581,1974,Comedy,tt3030966
582,Movie 582,2014,Horror,tt1689025
583,Movie 583,1973,Western,tt6825112
584,Movie 584,1985,Drama,tt9937982
585,Movie 585,1993,Crime,tt8186990
586,Movie 586,1985,Drama,tt7217147
587,Movie 587,2024,Sport,tt2156902
588,Movie 588,1971,Animation,tt9488613
589,Movie 589,2018,Horror,tt6724909
590,Movie 590,1997,Animation,tt1212267
591,Movie 591,2001,Crime,tt8047416
592,Movie 592,1996,Adventure,tt9224219
593,Movie 593,1989,Horror,tt2770648
594,Movie 594,1993,Adventure,tt8273315
595,Movie 595,1981,Crime,tt7076506
596,Movie 596,2019,Sci-Fi,tt8713146
597,Movie 597,2004,Animation,tt3566765
598,Movie 598,2002,Adventure,tt8306261
599,Movie 599,2002,War,tt3955087
600,Movie 600,2020,Drama,tt9753457
601,Movie 601,2012,Horror,tt5531230
602,Movie 602,2006,Biography,tt9111742
603,Movie 603,1981,Comedy,tt8799287
604,Movie 604,1972,Music,tt8307727
605,Movie 605,1970,Mystery,tt5502929
606,Movie 606,2002,Romance,tt6407373
607,Movie 607,2009,Film-Noir,tt5118725
608,Movie 608,1979,Romance,tt2453962
609,Movie 609,2012,Horror,tt5679639
610,Movie 610,2013,Sci-Fi,tt8563202
611,Movie 611,1998,Romance,tt5091349
612,Movie 612,1982,Horror,tt8796514
613,Movie 613,1981,Drama,tt7358385
614,Movie 614,2000,War,tt6643798
615,Movie 615,2015,Animation,tt1481506
616,Movie 616,1971,Romance,tt9293086
617,Movie 617,2020,Music,tt6452832
618,Movie 618,2019,Thriller,tt4050766
619,Movie 619,2004,Drama,tt9179730
620,Movie 620,1992,Comedy,tt4558780
621,Movie 621,1986,War,tt6952975
622,Movie 622,1995,Drama,tt5334434
623,Movie 623,1977,Horror,tt6709938
624,Movie 624,1998,Action,tt5691890
625,Movie 625,1995,Western,tt5635017
626,Movie 626,1979,War,tt1170307
627,Movie 627,1995,Crime,tt9667566
628,Movie 628,2003,Sport,tt4205394
629,Movie 629,2020,Drama,tt2436347
630,Movie 630,2010,Documentary,tt5049282
631,Movie 631,1976,Action,tt7818732
632,Movie 632,1973,Western,tt9196976
633,Movie 633,2022,Romance,tt5031966
634,Movie 634,2019,Horror,tt8987516
635,Movie 635,2014,Crime,tt9234615
636,Movie 636,1980,War,tt8519121
637,Movie 637,1998,Adventure,tt1289293
638,Movie 638,2005,Musical,tt2561176
639,Movie 639,1994,Biography,tt5936453
640,Movie 640,1990,Action,tt4717770
641,Movie 641,2005,Sport,tt7784725
642,Movie 642,1979,Music,tt5081983
643,Movie 643,2006,Adventure,tt6137284
644,Movie 644,1978,Fantasy,tt7191135
645,Movie 645,1993,Western,tt8939993
646,Movie 646,2004,Adventure,tt9907391
647,Movie 647,2018,Fantasy,tt6767292
648,Movie 648,2004,Action,tt8138769
649,Movie 649,2017,History,tt6549757
650,Movie 650,2005,Animation,tt6902401
651,Movie 651,1987,War,tt8612582
652,Movie 652,2018,Biography,tt5545223
653,Movie 653,2008,Sport,tt6144280
654,Movie 654,2001,Crime,tt5217853
655,Movie 655,1993,Animation,tt4867786
656,Movie 656,1992,History,tt3024269
657,Movie 657,2001,Mystery,tt4231028
658,Movie 658,2006,Comedy,tt6294016
659,Movie 659,1981,War,tt3005795
660,Movie 660,2018,Film-Noir,tt9990305
661,Movie 661,2024,Horror,tt4106298
662,Movie 662,1982,Mystery,tt4213524
663,Movie 663,1992,Sci-Fi,tt4630331
664,Movie 664,1994,Film-Noir,tt9123504
665,Movie 665,2004,Crime,tt5638893
666,Movie 666,2010,Sport,tt9801946
667,Movie 667,1999,Music,tt5747930
668,Movie 668,1986,Animation,tt2686548
669,Movie 669,2018,Film-Noir,tt4256752
670,Movie 670,1989,Musical,tt5970190
671,Movie 671,2017,Crime,tt4816534
672,Movie 672,1994,Animation,tt7054579
673,Movie 673,1991,Romance,tt4010529
674,Movie 674,1982,Documentary,tt6071208
675,Movie 675,1988,War,tt1237370
676,Movie 676,2018,Musical,tt9961299
677,Movie 677,2005,Fantasy,tt3123709
678,Movie 678,1981,Mystery,tt5602180
679,Movie 679,2010,Western,tt1763626
680,Movie 680,1988,Animation,tt1914794
681,Movie 681,1981,Adventure,tt5901239
682,Movie 682,1978,Adventure,tt3118618
683,Movie 683,1976,Animation,tt9235577
684,Movie 684,1997,Sport,tt2721135
685,Movie 685,1983,Musical,tt1205779
686,Movie 686,2000,War,tt5770422
687,Movie 687,2021,Sport,tt8875173
688,Movie 688,1988,Film-Noir,tt9031491
689,Movie 689,2016,Adventure,tt8389840
690,Movie 690,1985,Action,tt6716097
691,Movie 691,2022,Biography,tt4093109
692,Movie 692,1974,Musical,tt1861958
693,Movie 693,2004,Action,tt5235884
694,Movie 694,1981,Musical,tt9014965
695,Movie 695,1994,Romance,tt2914064
696,Movie 696,2021,Musical,tt2096280
697,Movie 697,1990,War,tt7722755
698,Movie 698,2005,Animation,tt9250138
699,Movie 699,2022,Animation,tt2242892
700,Movie 700,1992,Fantasy,tt1899411
701,Movie 701,1985,Crime,tt3545556
702,Movie 702,2008,Music,tt3503120
703,Movie 703,2014,Western,tt6097514
704,Movie 704,2022,Adventure,tt2429098
705,Movie 705,2011,Drama,tt5163953
706,Movie 706,2008,Western,tt2987287
707,Movie 707,1983,Adventure,tt7982241
708,Movie 708,2000,Biography,tt4786401
709,Movie 709,1974,Mystery,tt9767312
710,Movie 710,2004,Biography,tt7381684
711,Movie 711,1992,Music,tt8558378
712,Movie 712,1998,Horror,tt8427625
713,Movie 713,2012,Music,tt5988757
714,Movie 714,1980,Musical,tt8194570
715,Movie 715,1987,War,tt6123430
716,Movie 716,2016,Sport,tt2010496
717,Movie 717,1981,Crime,tt2664863
718,Movie 718,1978,History,tt4486102
719,Movie 719,1979,Adventure,tt4540415
720,Movie 720,2013,Thriller,tt5440025
721,Movie 721,1986,Thriller,tt2362099
722,Movie 722,2007,Comedy,tt3634980
723,Movie 723,1976,Thriller,tt5024269
724,Movie 724,2015,Adventure,tt3916107
725,Movie 725,1982,Film-Noir,tt2259379
726,Movie 726,2009,Adventure,tt3626181
727,Movie 727,2011,History,tt1044891
728,Movie 728,1978,Sport,tt7853787
729,Movie 729,2019,Mystery,tt8558197
730,Movie 730,1996,Fantasy,tt8883823
731,Movie 731,1971,Thriller,tt5886520
732,Movie 732,1974,Fantasy,tt1547605
733,Movie 733,1998,Animation,tt4883526
734,Movie 734,2006,Western,tt5833597
735,Movie 735,2007,Fantasy,tt5743227
736,Movie 736,1988,Musical,tt8617381
737,Movie 737,1977,Thriller,tt2194198
738,Movie 738,2017,Documentary,tt4916201
739,Movie 739,2014,Romance,tt5438490
740,Movie 740,1970,Romance,tt4318855
741,Movie 741,1991,Action,tt8132648
742,Movie 742,2021,Biography,tt2925626
743,Movie 743,1986,Biography,tt4771676
744,Movie 744,1976,Documentary,tt3499627
745,Movie 745,1994,Drama,tt5456573
746,Movie 746,2014,Sci-Fi,tt3386328
747,Movie 747,1973,Comedy,tt2198058
748,Movie 748,2005,Documentary,tt2000560
749,Movie 749,1975,War,tt3783722
750,Movie 750,2000,War,tt6160869
751,Movie 751,1988,Biography,tt5842082
752,Movie 752,2013,Crime,tt8367772
753,Movie 753,2023,Documentary,tt3086308
754,Movie 754,2008,Sport,tt8863447
755,Movie 755,1996,Comedy,tt6101803
756,Movie 756,1979,War,tt7752972
757,Movie 757,1995,Animation,tt5567533
758,Movie 758,1988,Documentary,tt9396529
759,Movie 759,2008,Musical,tt9284509
760,Movie 760,1972,Documentary,tt8344375
761,Movie 761,2014,Comedy,tt2349590
762,Movie 762,1982,Comedy,tt1668752
763,Movie 763,2019,Adventure,tt8248238
764,Movie 764,1997,Western,tt6407658
765,Movie 765,1989,Crime,tt5200476
766,Movie 766,1997,Mystery,tt1433940
767,Movie 767,1977,Western,tt2532210
768,Movie 768,2010,Film-Noir,tt4840714
769,Movie 769,2008,Documentary,tt1348050
770,Movie 770,1970,Comedy,tt5521644
771,Movie 771,1972,Action,tt1674975
772,Movie 772,1982,Music,tt3939212
773,Movie 773,1997,Western,tt8893693
774,Movie 774,2018,Sport,tt9706768
775,Movie 775,1994,Music,tt8419378
776,Movie 776,2002,Western,tt5666692
777,Movie 777,2007,Western,tt4044882
778,Movie 778,2022,Sport,tt8312936
779,Movie 779,1975,Comedy,tt9249789
780,Movie 780,2013,Music,tt2530793
781,Movie 781,2014,Biography,tt8885465
782,Movie 782,2001,Sci-Fi,tt6837817
783,Movie 783,2014,Animation,tt7850944
784,Movie 784,2016,Sci-Fi,tt6591986
785,Movie 785,1990,History,tt6386463
786,Movie 786,1985,Western,tt2754894
787,Movie 787,2023,War,tt3698193
788,Movie 788,1990,Western,tt6533187
789,Movie 789,1980,Biography,tt7906258
790,Movie 790,2006,Adventure,tt9312590
791,Movie 791,2005,War,tt5835492
792,Movie 792,2004,Romance,tt7718473
793,Movie 793,1988,Sport,tt1615675
794,Movie 794,1989,Drama,tt8630712
795,Movie 795,1987,Animation,tt2477398
796,Movie 796,2016,Fantasy,tt6276722
797,Movie 797,2010,War,tt5234550
798,Movie 798,2018,Crime,tt6423634
799,Movie 799,1983,Film-Noir,tt2944841
800,Movie 800,1984,Western,tt7780932
801,Movie 801,2000,Film-Noir,tt9633492
802,Movie 802,1970,Music,tt1019311
803,Movie 803,2022,Sci-Fi,tt8750676
804,Movie 804,2023,Fantasy,tt7933143
805,Movie 805,2023,Sci-Fi,tt1909393
806,Movie 806,1972,Fantasy,tt4147112
807,Movie 807,1985,Fantasy,tt9697969
808,Movie 808,1992,Action,tt7069650
809,Movie 809,1980,Adventure,tt9363326
810,Movie 810,1981,Romance,tt8416216
811,Movie 811,1979,Action,tt1865901
812,Movie 812,2001,Film-Noir,tt4415140
813,Movie 813,1985,Sport,tt5480460
814,Movie 814,1977,Drama,tt3198037
815,Movie 815,2007,Western,tt5832327
816,Movie 816,1981,History,tt8350368
817,Movie 817,1993,Adventure,tt9132114
818,Movie 818,1997,Drama,tt3037191
819,Movie 819,2022,Drama,tt1484348
820,Movie 820,1977,Sci-Fi,tt5014745
821,Movie 821,1997,Mystery,tt3657144
822,Movie 822,2005,Sci-Fi,tt6213522
823,Movie 823,1995,Music,tt1229419
824,Movie 824,1977,Thriller,tt7844947
825,Movie 825,2019,Comedy,tt2563790
826,Movie 826,1997,Horror,tt4769851
827,Movie 827,1997,Action,tt2903561
828,Movie 828,2006,Comedy,tt8741810
829,Movie 829,2010,Drama,tt2970754
830,Movie 830,2005,Music,tt3583206
831,Movie 831,1996,Drama,tt9361353
832,Movie 832,2023,History,tt5896624
833,Movie 833,1986,Action,tt9537455
834,Movie 834,1978,Music,tt5587308
835,Movie 835,2002,Thriller,tt7970771
836,Movie 836,2022,Animation,tt9094999
837,Movie 837,1989,Sci-Fi,tt8922533
838,Movie 838,1982,Comedy,tt5089126
839,Movie 839,1997,War,tt8663605
840,Movie 840,2017,Western,tt3426689
841,Movie 841,1998,Drama,tt7435505
842,Movie 842,1982,Musical,tt4197911
843,Movie 843,2015,Biography,tt9526867
844,Movie 844,2004,History,tt3290229
845,Movie 845,1975,War,tt2171218
846,Movie 846,1987,Mystery,tt5634662
847,Movie 847,2020,Thriller,tt7961578
848,Movie 848,1974,Documentary,tt6702160
849,Movie 849,2016,Thriller,tt9518424
850,Movie 850,1994,Thriller,tt5482413
851,Movie 851,1971,History,tt1043037
852,Movie 852,1979,Comedy,tt5745250
853,Movie 853,1999,Comedy,tt6008935
854,Movie 854,2019,Drama,tt9214801
855,Movie 855,2014,Film-Noir,tt3493017
856,Movie 856,1974,Crime,tt8491822
857,Movie 857,2024,Mystery,tt9125900
858,Movie 858,2002,Romance,tt6790218
859,Movie 859,2023,Sci-Fi,tt6577416
860,Movie 860,1970,Drama,tt7328534
861,Movie 861,1987,Drama,tt8639414
862,Movie 862,2001,Fantasy,tt6398528
863,Movie 863,2016,Adventure,tt4165061
864,Movie 864,2018,Mystery,tt5006492
865,Movie 865,1980,Sport,tt7425184
866,Movie 866,1990,Animation,tt4918527
867,Movie 867,1995,Sci-Fi,tt7891662
868,Movie 868,1994,Biography,tt1732280
869,Movie 869,1991,Biography,tt6338112
870,Movie 870,1996,Musical,tt8935224
871,Movie 871,2018,Fantasy,tt7395997
872,Movie 872,1982,Fantasy,tt7477326
873,Movie 873,2002,Sport,tt3551903
874,Movie 874,2003,Film-Noir,tt9310235
875,Movie 875,2010,Western,tt1621086
876,Movie 876,2004,Biography,tt3118060
877,Movie 877,1970,Horror,tt9427047
878,Movie 878,1990,Drama,tt6569946
879,Movie 879,2017,Adventure,tt2683838
880,Movie 880,2024,Music,tt8387112
881,Movie 881,1975,Western,tt2672884
882,Movie 882,1997,Romance,tt9823994
883,Movie 883,1986,Adventure,tt8665981
884,Movie 884,1974,History,tt1257489
885,Movie 885,2000,Film-Noir,tt3418526
886,Movie 886,1974,Mystery,tt7878299
887,Movie 887,2007,Sci-Fi,tt3589751
888,Movie 888,1972,Drama,tt2255409
889,Movie 889,2022,Sport,tt8876745
890,Movie 890,1992,Fantasy,tt5446344
891,Movie 891,2006,Drama,tt6680114
892,Movie 892,2022,Musical,tt7668663
893,Movie 893,2006,Sport,tt2347467
894,Movie 894,1979,War,tt6512415
895,Movie 895,1979,War,tt9952696
896,Movie 896,1988,Western,tt7375499
897,Movie 897,1986,Horror,tt6312692
898,Movie 898,1990,Thriller,tt9186400
899,Movie 899,1983,Musical,tt1602286
900,Movie 900,1978,Sci-Fi,tt2147909
901,Movie 901,2015,Western,tt4938791
902,Movie 902,1970,Animation,tt5821419
903,Movie 903,2020,Documentary,tt4816586
904,Movie 904,2014,Sci-Fi,tt2516313
905,Movie 905,1982,Horror,tt8280833
906,Movie 906,1973,Fantasy,tt2651601
907,Movie 907,1970,Mystery,tt2686231
908,Movie 908,2018,Sport,tt8443690
909,Movie 909,2009,Western,tt3791137
910,Movie 910,2001,Music,tt6024207
911,Movie 911,2003,Western,tt1485654
912,Movie 912,1997,Drama,tt1771600
913,Movie 913,2000,Musical,tt6442103
914,Movie 914,1977,Drama,tt1941524
915,Movie 915,2008,Musical,tt5921894
916,Movie 916,1995,Documentary,tt7014016
917,Movie 917,2003,Horror,tt7288789
918,Movie 918,2023,History,tt8225725
919,Movie 919,2023,History,tt3442255
920,Movie 920,1972,Music,tt5096953
921,Movie 921,2019,Sport,tt9911492
922,Movie 922,1981,Adventure,tt7913081
923,Movie 923,1970,Western,tt4020853
924,Movie 924,2023,Mystery,tt3851852
925,Movie 925,2013,War,tt3937176
926,Movie 926,1974,Sport,tt2324869
927,Movie 927,1999,Mystery,tt7418028
928,Movie 928,1999,Thriller,tt5040453
929,Movie 929,1986,Horror,tt9349470
930,Movie 930,2017,Music,tt3401116
931,Movie 931,2016,History,tt4895475
932,Movie 932,1992,Comedy,tt8736811
933,Movie 933,1984,Action,tt5261032
934,Movie 934,2006,Animation,tt8710313
935,Movie 935,1990,Thriller,tt5283671
936,Movie 936,1983,Documentary,tt1157662
937,Movie 937,1971,Horror,tt8805654
938,Movie 938,1980,Mystery,tt5825658
939,Movie 939,2020,Comedy,tt3650391
940,Movie 940,2008,Mystery,tt2239197
941,Movie 941,2007,Drama,tt8410995
942,Movie 942,2003,Film-Noir,tt6797629
943,Movie 943,2007,Romance,tt6018975
944,Movie 944,2019,Drama,tt8118722
945,Movie 945,2003,Action,tt5195951
946,Movie 946,1987,Horror,tt8664433
947,Movie 947,1999,Comedy,tt6068760
948,Movie 948,1984,Animation,tt4342306
949,Movie 949,1996,Action,tt7454081
950,Movie 950,2020,Biography,tt9106886
951,Movie 951,2003,Drama,tt2789344
952,Movie 952,2021,Animation,tt4979651
953,Movie 953,2007,Film-Noir,tt7398231
954,Movie 954,2002,Adventure,tt7022335
955,Movie 955,1993,History,tt5963914
956,Movie 956,1984,Film-Noir,tt5953150
957,Movie 957,1999,Western,tt1368085
958,Movie 958,2024,Musical,tt7640518
959,Movie 959,2011,Documentary,tt5605016
960,Movie 960,2020,Adventure,tt1135861
961,Movie 961,1986,Fantasy,tt1822825
962,Movie 962,1974,Romance,tt9333700
963,Movie 963,1998,Music,tt5801541
964,Movie 964,1973,Fantasy,tt4860745
965,Movie 965,1979,War,tt6910964
966,Movie 966,1986,Biography,tt4674286
967,Movie 967,1979,Film-Noir,tt4189885
968,Movie 968,1986,Horror,tt5204819
969,Movie 969,1989,Sci-Fi,tt3294774
970,Movie 970,1993,Musical,tt2630140
971,Movie 971,1974,Musical,tt1661401
972,Movie 972,2003,Adventure,tt6183033
973,Movie 973,1975,Western,tt8395785
974,Movie 974,2022,War,tt1559763
975,Movie 975,1971,History,tt7121355
976,Movie 976,1982,Romance,tt3204724
977,Movie 977,2012,Thriller,tt2512187
978,Movie 978,2012,Crime,tt5951131
979,Movie 979,2017,Thriller,tt6481437
980,Movie 980,1980,Comedy,tt7970985
981,Movie 981,2020,Biography,tt3946751
982,Movie 982,2016,Mystery,tt4368777
983,Movie 983,1992,Biography,tt3217273
984,Movie 984,2024,War,tt7138070
985,Movie 985,1985,Film-Noir,tt9906224
986,Movie 986,2000,Animation,tt9418719
987,Movie 987,1980,Comedy,tt5572250
988,Movie 988,2023,Crime,tt3760597
989,Movie 989,1985,Western,tt5311242
990,Movie 990,1977,Drama,tt9084065
991,Movie 991,1973,Documentary,tt5951651
992,Movie 992,2009,Western,tt6682698
993,Movie 993,1973,Film-Noir,tt2932227
994,Movie 994,1994,Crime,tt8857296
995,Movie 995,1972,Musical,tt2263313
996,Movie 996,2001,Biography,tt3361510
997,Movie 997,1972,Music,tt4785186
998,Movie 998,1996,War,tt7667458
999,Movie 999,1998,Sci-Fi,tt7136687
1000,Movie 1000,2001,Documentary,tt2515030
1001,Movie 1001,2019,Biography,tt7619862
1002,Movie 1002,2020,Musical,tt1233516
1003,Movie 1003,1988,Animation,tt5436878
1004,Movie 1004,1990,Comedy,tt3073474
1005,Movie 1005,1974,Romance,tt8630043
1006,Movie 1006,1987,War,tt7183841
1007,Movie 1007,1997,Biography,tt5398338
1008,Movie 1008,2011,Adventure,tt7392547
1009,Movie 1009,1991,Sport,tt7232293
1010,Movie 1010,1990,Thriller,tt2817745
1011,Movie 1011,1975,Thriller,tt4922880
1012,Movie 1012,1970,Sci-Fi,tt8910069
1013,Movie 1013,1974,Musical,tt1419843
1014,Movie 1014,2010,Thriller,tt6503032
1015,Movie 1015,1981,Music,tt4713925
1016,Movie 1016,1995,Horror,tt2060605
1017,Movie 1017,2015,Crime,tt8789116
1018,Movie 1018,2003,Western,tt6069909
1019,Movie 1019,2018,Biography,tt7850067
1020,Movie 1020,1983,Thriller,tt2957497
1021,Movie 1021,1995,Romance,tt3345069
1022,Movie 1022,2014,Music,tt1760793
1023,Movie 1023,1996,Biography,tt1624315
1024,Movie 1024,1978,Sci-Fi,tt6106390
1025,Movie 1025,1995,Action,tt9264869
1026,Movie 1026,2016,Sport,tt2948178
1027,Movie 1027,1991,War,tt2630611
1028,Movie 1028,2016,Sci-Fi,tt4939290
1029,Movie 1029,1999,Mystery,tt3276065
1030,Movie 1030,2012,History,tt7520395
1031,Movie 1031,2017,Music,tt8610879
1032,Movie 1032,1986,Action,tt7224540
1033,Movie 1033,1995,Sci-Fi,tt8031780
1034,Movie 1034,2005,Crime,tt3592464
1035,Movie 1035,1970,Biography,tt7960607
1036,Movie 1036,1977,War,tt2661307
1037,Movie 1037,2018,Romance,tt9209880
1038,Movie 1038,2004,Mystery,tt7847048
1039,Movie 1039,2021,Mystery,tt5693260
1040,Movie 1040,1984,Crime,tt1548888
1041,Movie 1041,2016,Mystery,tt7216461
1042,Movie 1042,1991,Musical,tt4645180
1043,Movie 1043,1983,History,tt8438733
1044,Movie 1044,1995,Documentary,tt8460758
1045,Movie 1045,1997,Fantasy,tt4961312
1046,Movie 1046,1992,Romance,tt7084862
1047,Movie 1047,1983,Comedy,tt2666893
1048,Movie 1048,1993,War,tt7162857
1049,Movie 1049,1971,Film-Noir,tt7017548
1050,Movie 1050,2014,Sport,tt2015861
1051,Movie 1051,1995,Animation,tt7679674
1052,Movie 1052,1983,Music,tt5628522
1053,Movie 1053,2020,History,tt4184459
1054,Movie 1054,1976,Sci-Fi,tt3049499
1055,Movie 1055,1972,Music,tt8628891
1056,Movie 1056,2016,Crime,tt2538024
1057,Movie 1057,1992,Sci-Fi,tt4558545
1058,Movie 1058,2015,Music,tt1358318
1059,Movie 1059,2012,Thriller,tt1848566
1060,Movie 1060,2016,Western,tt6595355
1061,Movie 1061,2014,Thriller,tt5086407
1062,Movie 1062,1987,Film-Noir,tt3112652
1063,Movie 1063,2007,Animation,tt4442778
1064,Movie 1064,2004,Musical,tt2151087
1065,Movie 1065,2020,Thriller,tt4475523
1066,Movie 1066,1984,Comedy,tt4623062
1067,Movie 1067,1994,Comedy,tt4909069
1068,Movie 1068,2024,War,tt6512314
1069,Movie 1069,2006,Sci-Fi,tt3475548
1070,Movie 1070,1997,Western,tt1047572
1071,Movie 1071,1979,Film-Noir,tt5651899
1072,Movie 1072,2008,Comedy,tt3427461
1073,Movie 1073,1986,Biography,tt3180906
1074,Movie 1074,2008,Crime,tt5205279
1075,Movie 1075,1991,Biography,tt3927575
1076,Movie 1076,1995,Documentary,tt2844258
1077,Movie 1077,2013,Documentary,tt1432519
1078,Movie 1078,1994,Sport,tt3211291
1079,Movie 1079,1986,Animation,tt1249314
1080,Movie 1080,1982,Action,tt7010308
1081,Movie 1081,1989,Biography,tt4991829
1082,Movie 1082,1994,Crime,tt6431983
1083,Movie 1083,1973,Fantasy,tt1264762
1084,Movie 1084,1979,Musical,tt3923366
1085,Movie 1085,1972,Horror,tt5452128
1086,Movie 1086,2010,War,tt1879109
1087,Movie 1087,2014,Biography,tt3126655
1088,Movie 1088,1987,Western,tt8062546
1089,Movie 1089,2016,Horror,tt9826250
1090,Movie 1090,2005,Film-Noir,tt2906718
1091,Movie 1091,2016,Documentary,tt2066326
1092,Movie 1092,1991,Animation,tt8990081
1093,Movie 1093,2003,Musical,tt8520810
1094,Movie 1094,2016,Film-Noir,tt7074006
1095,Movie 1095,1977,Romance,tt9610704
1096,Movie 1096,2009,Romance,tt2829622
1097,Movie 1097,2018,Film-Noir,tt8583392
1098,Movie 1098,2013,Music,tt9453010
1099,Movie 1099,1988,Crime,tt4716988
1100,Movie 1100,2011,Horror,tt1727544
1101,Movie 1101,2010,Fantasy,tt9748499
1102,Movie 1102,2006,Music,tt6060517
1103,Movie 1103,1975,Biography,tt8684678
1104,Movie 1104,2021,History,tt1522621
1105,Movie 1105,1995,War,tt2020480
1106,Movie 1106,2003,Sport,tt9035982
1107,Movie 1107,2014,History,tt7738019
1108,Movie 1108,1975,Western,tt8151684
1109,Movie 1109,2006,Biography,tt2811298
1110,Movie 1110,2002,Sport,tt9225346
1111,Movie 1111,2022,Action,tt8441741
1112,Movie 1112,1991,Documentary,tt2232969
1113,Movie 1113,1990,Crime,tt2355439
1114,Movie 1114,1975,Mystery,tt6404139
1115,Movie 1115,1975,Sport,tt3488628
1116,Movie 1116,2024,History,tt2101965
1117,Movie 1117,2017,War,tt3117143
1118,Movie 1118,1973,Mystery,tt5614002
1119,Movie 1119,1999,Romance,tt6455706
1120,Movie 1120,1980,Documentary,tt7390515
1121,Movie 1121,1999,Western,tt9901266
1122,Movie 1122,2000,Film-Noir,tt5947563
1123,Movie 1123,1993,Horror,tt8612081
1124,Movie 1124,2024,Musical,tt9481739
1125,Movie 1125,1978,Comedy,tt8217547
1126,Movie 1126,2024,Western,tt2663938
1127,Movie 1127,1972,Sport,tt2919549
1128,Movie 1128,2020,Comedy,tt4607488
1129,Movie 1129,2000,Animation,tt8215376
1130,Movie 1130,2009,Comedy,tt8575834
1131,Movie 1131,2006,Sci-Fi,tt4833486
1132,Movie 1132,2005,Thriller,tt7942639
1133,Movie 1133,1993,Thriller,tt6686328
1134,Movie 1134,2000,Western,tt8608449
1135,Movie 1135,1975,Horror,tt7689582
1136,Movie 1136,1971,Fantasy,tt7979148
1137,Movie 1137,1989,Action,tt2595275
1138,Movie 1138,1997,Sport,tt6243691
1139,Movie 1139,1980,Western,tt8159911
1140,Movie 1140,1973,Biography,tt6243275
1141,Movie 1141,1984,Film-Noir,tt5276341
1142,Movie 1142,1975,Documentary,tt7279729
1143,Movie 1143,2023,Action,tt3560856
1144,Movie 1144,2018,Sci-Fi,tt8956894
1145,Movie 1145,1999,Adventure,tt2126310
1146,Movie 1146,2007,History,tt2530497
1147,Movie 1147,2020,Fantasy,tt2432176
1148,Movie 1148,1971,Documentary,tt2564141
1149,Movie 1149,1984,Sci-Fi,tt8245685
1150,Movie 1150,1980,Sci-Fi,tt2620082
1151,Movie 1151,1977,Adventure,tt7251976
1152,Movie 1152,1995,Crime,tt3182975
1153,Movie 1153,2020,Musical,tt2006313
1154,Movie 1154,2014,Crime,tt6530541
1155,Movie 1155,2013,Adventure,tt3050700
1156,Movie 1156,1974,Action,tt7892225
1157,Movie 1157,1975,Film-Noir,tt6932391
1158,Movie 1158,1995,Western,tt8095702
1159,Movie 1159,2023,Comedy,tt1863121
1160,Movie 1160,1973,Adventure,tt5825620
1161,Movie 1161,1988,Romance,tt6242022
1162,Movie 1162,1989,Adventure,tt6899644
1163,Movie 1163,2002,Film-Noir,tt2738129
1164,Movie 1164,1989,Adventure,tt9512969
1165,Movie 1165,2018,Romance,tt4569164
1166,Movie 1166,1981,Romance,tt3595941
1167,Movie 1167,2016,Thriller,tt9089795
1168,Movie 1168,1970,Documentary,tt4762204
1169,Movie 1169,1995,Horror,tt2815603
1170,Movie 1170,1983,Mystery,tt6873938
1171,Movie 1171,2007,Drama,tt7166651
1172,Movie 1172,2006,Crime,tt2927455
1173,Movie 1173,1980,Film-Noir,tt5673599
1174,Movie 1174,2005,Animation,tt4794319
1175,Movie 1175,1982,Thriller,tt8199311
1176,Movie 1176,2012,Sci-Fi,tt1440466
1177,Movie 1177,1972,Documentary,tt5487028
1178,Movie 1178,2002,Western,tt1485753
1179,Movie 1179,1975,War,tt4026879
1180,Movie 1180,2019,Biography,tt5584716
1181,Movie 1181,1979,Musical,tt6183902
1182,Movie 1182,1974,War,tt6701311
1183,Movie 1183,1992,Mystery,tt6889195
1184,Movie 1184,1979,Drama,tt1102438
1185,Movie 1185,2013,Western,tt4043480
1186,Movie 1186,1971,Mystery,tt3403361
1187,Movie 1187,1982,War,tt7724045
1188,Movie 1188,2009,Musical,tt2167449
1189,Movie 1189,1971,Fantasy,tt3380261
1190,Movie 1190,1989,Drama,tt1514340
1191,Movie 1191,1970,Sci-Fi,tt2539438
1192,Movie 1192,2006,Adventure,tt9900022
1193,Movie 1193,1978,Animation,tt4609330
1194,Movie 1194,1986,Drama,tt7311494
1195,Movie 1195,1978,Horror,tt8043620
1196,Movie 1196,1980,Action,tt8610913
1197,Movie 1197,1984,Film-Noir,tt6719285
1198,Movie 1198,1993,War,tt3640889
1199,Movie 1199,2007,Animation,tt7208460
1200,Movie 1200,2024,Crime,tt6228407
1201,Movie 1201,2004,Documentary,tt6442241
1202,Movie 1202,1999,War,tt2425342
1203,Movie 1203,2000,Sport,tt1882629
1204,Movie 1204,2018,History,tt3610197
1205,Movie 1205,1974,Thriller,tt3640899
1206,Movie 1206,2013,Comedy,tt1834876
1207,Movie 1207,2019,Thriller,tt2368710
1208,Movie 1208,1983,History,tt5565128
1209,Movie 1209,2022,Horror,tt8434202
1210,Movie 1210,1980,Film-Noir,tt8113787
1211,Movie 1211,1978,Drama,tt9148051
1212,Movie 1212,2003,Fantasy,tt8416270
1213,Movie 1213,1981,Biography,tt7948850
1214,Movie 1214,2004,Comedy,tt5582979
1215,Movie 1215,2004,Western,tt4616647
1216,Movie 1216,1970,Drama,tt9595744
1217,Movie 1217,2009,Fantasy,tt2909540
1218,Movie 1218,1991,Mystery,tt6791039
1219,Movie 1219,1998,Mystery,tt8212753
1220,Movie 1220,1977,Romance,tt2860421
1221,Movie 1221,1980,Musical,tt5752087
1222,Movie 1222,2010,Drama,tt9164342
1223,Movie 1223,2006,Sport,tt9840487
1224,Movie 1224,1983,Film-Noir,tt6174418
1225,Movie 1225,1999,War,tt1761976
1226,Movie 1226,2004,Crime,tt4699685
1227,Movie 1227,1990,Horror,tt7631419
1228,Movie 1228,2006,Adventure,tt1919088
1229,Movie 1229,1974,Documentary,tt1128967
1230,Movie 1230,1988,Romance,tt4429650
1231,Movie 1231,1983,Animation,tt6056977
1232,Movie 1232,1995,Music,tt4543918
1233,Movie 1233,1973,Animation,tt3302417
1234,Movie 1234,1994,Sport,tt5286905
1235,Movie 1235,2014,History,tt5856117
1236,Movie 1236,2011,Drama,tt6504979
1237,Movie 1237,1994,Crime,tt3013003
1238,Movie 1238,1987,Action,tt1129686
1239,Movie 1239,2009,Action,tt9344741
1240,Movie 1240,1977,Drama,tt8225192
1241,Movie 1241,2008,Comedy,tt3947669
1242,Movie 1242,2009,Romance,tt3167376
1243,Movie 1243,1983,History,tt7378822
1244,Movie 1244,2001,Comedy,tt9935249
1245,Movie 1245,2020,Biography,tt4860617
1246,Movie 1246,2007,Crime,tt9393009
1247,Movie 1247,2002,Musical,tt6941939
1248,Movie 1248,1992,Thriller,tt2209226
1249,Movie 1249,1984,Fantasy,tt7661748
1250,Movie 1250,2002,Horror,tt1709714
1251,Movie 1251,1994,History,tt8318550
1252,Movie 1252,1986,Musical,tt1314430
1253,Movie 1253,2002,Romance,tt8713396
1254,Movie 1254,2016,Action,tt2306317
1255,Movie 1255,2024,Music,tt6252285
1256,Movie 1256,1971,Western,tt8202195
1257,Movie 1257,1983,Western,tt7785090
1258,Movie 1258,2022,Music,tt8007741
1259,Movie 1259,2009,Adventure,tt5857259
1260,Movie 1260,2009,Biography,tt2932288
1261,Movie 1261,2020,Crime,tt7795314
1262,Movie 1262,2008,Comedy,tt1349914
1263,Movie 1263,2020,Animation,tt6448705
1264,Movie 1264,1975,Action,tt3883553
1265,Movie 1265,1975,Biography,tt8719145
1266,Movie 1266,1972,War,tt7070880
1267,Movie 1267,1976,Adventure,tt2478574
1268,Movie 1268,2020,Comedy,tt8326807
1269,Movie 1269,1977,Animation,tt2776088
1270,Movie 1270,2011,Fantasy,tt5082173
1271,Movie 1271,2021,War,tt8309439
1272,Movie 1272,1984,Crime,tt7718433
1273,Movie 1273,2016,Sport,tt9790632
1274,Movie 1274,1998,Crime,tt2319479
1275,Movie 1275,2002,Thriller,tt7639863
1276,Movie 1276,2021,Horror,tt6205543
1277,Movie 1277,1999,History,tt6696087
1278,Movie 1278,2008,Adventure,tt4717362
1279,Movie 1279,1996,Mystery,tt6587964
1280,Movie 1280,2005,Horror,tt3820798
1281,Movie 1281,1998,Horror,tt2281433
1282,Movie 1282,2007,Fantasy,tt9564488
1283,Movie 1283,2002,Western,tt2913049
1284,Movie 1284,2006,Adventure,tt9902071
1285,Movie 1285,1996,Animation,tt9555575
1286,Movie 1286,2024,Horror,tt4253164
1287,Movie 1287,2002,Romance,tt6861544
1288,Movie 1288,1973,Western,tt6890476
1289,Movie 1289,1991,Action,tt3477824
1290,Movie 1290,1971,Western,tt4963933
1291,Movie 1291,1979,Animation,tt2724773
1292,Movie 1292,1974,War,tt3456926
1293,Movie 1293,1979,Adventure,tt5294434
1294,Movie 1294,2002,Fantasy,tt4309671
1295,Movie 1295,2023,Thriller,tt3910830
1296,Movie 1296,2007,Mystery,tt3564729
1297,Movie 1297,1982,Sport,tt2264218
1298,Movie 1298,2000,History,tt3972018
1299,Movie 1299,2016,Romance,tt9289908
1300,Movie 1300,2005,Sci-Fi,tt8783840
1301,Movie 1301,2014,Comedy,tt8531380
1302,Movie 1302,1993,Horror,tt6422534
1303,Movie 1303,2021,History,tt6303930
1304,Movie 1304,1984,Mystery,tt3532644
1305,Movie 1305,1998,Animation,tt8377995
1306,Movie 1306,1977,Action,tt2145653
1307,Movie 1307,1974,War,tt8867190
1308,Movie 1308,1998,Romance,tt8419020
1309,Movie 1309,2016,Adventure,tt6080483
1310,Movie 1310,1973,Adventure,tt5608259
1311,Movie 1311,1981,Animation,tt1942411
1312,Movie 1312,2014,Drama,tt6904610
1313,Movie 1313,1971,Mystery,tt9511700
1314,Movie 1314,1996,Documentary,tt2244712
1315,Movie 1315,2000,Crime,tt6207779
1316,Movie 1316,2020,Fantasy,tt8746753
1317,Movie 1317,2020,War,tt8581856
1318,Movie 1318,2005,Action,tt1630944
1319,Movie 1319,2005,Drama,tt1954456
1320,Movie 1320,1995,Animation,tt7186390
1321,Movie 1321,2012,Biography,tt5816353
1322,Movie 1322,1996,Mystery,tt2287332
1323,Movie 1323,1974,Crime,tt2514923
1324,Movie 1324,1989,Mystery,tt9507186
1325,Movie 1325,1980,Western,tt7450545
1326,Movie 1326,1979,Animation,tt8763013
1327,Movie 1327,2009,Western,tt1688246
1328,Movie 1328,2007,Western,tt8545279
1329,Movie 1329,1975,Musical,tt4158134
1330,Movie 1330,1977,War,tt6394323
1331,Movie 1331,1992,Musical,tt8979730
1332,Movie 1332,2016,Biography,tt9411547
1333,Movie 1333,1995,Horror,tt3531028
1334,Movie 1334,2015,Sci-Fi,tt2038068
1335,Movie 1335,2012,Documentary,tt8558523
1336,Movie 1336,1981,Fantasy,tt2736473
1337,Movie 1337,1995,Animation,tt6761929
1338,Movie 1338,1982,Music,tt2414808
1339,Movie 1339,2009,Mystery,tt9464927
1340,Movie 1340,1987,Sport,tt3895058
1341,Movie 1341,1994,Thriller,tt1656695
1342,Movie 1342,2002,Action,tt5156449
1343,Movie 1343,2016,Crime,tt8344365
1344,Movie 1344,2009,Adventure,tt8372274
1345,Movie 1345,2012,Musical,tt9792411
1346,Movie 1346,1981,Crime,tt9770256
1347,Movie 1347,2013,Musical,tt3663319
1348,Movie 1348,2005,Biography,tt7105194
1349,Movie 1349,2017,Western,tt7255418
1350,Movie 1350,1973,Drama,tt5746166
1351,Movie 1351,1974,Animation,tt7499771
1352,Movie 1352,2006,Thriller,tt7858012
1353,Movie 1353,1977,Musical,tt6676858
1354,Movie 1354,2011,War,tt1878547
1355,Movie 1355,2018,Sci-Fi,tt6614484
1356,Movie 1356,1997,Drama,tt2105817
1357,Movie 1357,2000,Musical,tt6531293
1358,Movie 1358,1978,Crime,tt2585546
1359,Movie 1359,2023,Romance,tt7485471
1360,Movie 1360,2020,Thriller,tt5767195
1361,Movie 1361,1998,Musical,tt5227787
1362,Movie 1362,1983,Thriller,tt3522845
1363,Movie 1363,2009,Animation,tt6592886
1364,Movie 1364,2010,Film-Noir,tt2367376
1365,Movie 1365,1991,Thriller,tt3372774
1366,Movie 1366,1980,Fantasy,tt6869018
1367,Movie 1367,1992,War,tt6204824
1368,Movie 1368,1970,Music,tt7575963
1369,Movie 1369,2015,Documentary,tt3163449
1370,Movie 1370,2006,Musical,tt2421349
1371,Movie 1371,1990,Fantasy,tt6193922
1372,Movie 1372,1995,Thriller,tt7319630
1373,Movie 1373,2015,Mystery,tt6510922
1374,Movie 1374,2005,War,tt3144023
1375,Movie 1375,2023,Musical,tt9831414
1376,Movie 1376,1992,Crime,tt2567880
1377,Movie 1377,1970,Western,tt8103580
1378,Movie 1378,2023,Biography,tt9531021
1379,Movie 1379,2024,Drama,tt7070468
1380,Movie 1380,2020,Sci-Fi,tt1305857
1381,Movie 1381,2009,Fantasy,tt7083379
1382,Movie 1382,1984,Action,tt6181912
1383,Movie 1383,1990,War,tt4024309
1384,Movie 1384,2016,Musical,tt4593556
1385,Movie 1385,1978,History,tt6733317
1386,Movie 1386,2022,Western,tt9158272
1387,Movie 1387,1978,Animation,tt4221313
1388,Movie 1388,1979,Fantasy,tt4800761
1389,Movie 1389,2021,Musical,tt3307963
1390,Movie 1390,2022,Fantasy,tt3599548
1391,Movie 1391,1995,Biography,tt2294615
1392,Movie 1392,2010,Biography,tt5962567
1393,Movie 1393,2004,Drama,tt2696860
1394,Movie 1394,2021,Adventure,tt9517619
1395,Movie 1395,1994,Fantasy,tt9833734
1396,Movie 1396,1995,Musical,tt1633297
1397,Movie 1397,1980,Fantasy,tt6649968
1398,Movie 1398,2007,Romance,tt3198638
1399,Movie 1399,1971,Sci-Fi,tt7320310
1400,Movie 1400,1976,Romance,tt3587931
1401,Movie 1401,1987,Horror,tt3722056
1402,Movie 1402,1996,Animation,tt4034091
1403,Movie 1403,2003,History,tt3777286
1404,Movie 1404,1996,Musical,tt8342941
1405,Movie 1405,1986,Sport,tt1733037
1406,Movie 1406,2012,Western,tt7893063
1407,Movie 1407,2013,Western,tt7111929
1408,Movie 1408,2020,Comedy,tt4985095
1409,Movie 1409,2023,Romance,tt8452417
1410,Movie 1410,1993,War,tt5780297
1411,Movie 1411,1994,Comedy,tt8531761
1412,Movie 1412,1976,Animation,tt4925917
1413,Movie 1413,2021,Horror,tt9959220
1414,Movie 1414,1975,Action,tt5012581
1415,Movie 1415,2022,Western,tt6192009
1416,Movie 1416,1993,Fantasy,tt8868776
1417,Movie 1417,2002,Fantasy,tt4255051
1418,Movie 1418,2018,Biography,tt7171347
1419,Movie 1419,1998,Animation,tt8391997
1420,Movie 1420,2012,Sci-Fi,tt8745704
1421,Movie 1421,1991,Adventure,tt5727345
1422,Movie 1422,1995,Action,tt7406756
1423,Movie 1423,1997,Drama,tt9437374
1424,Movie 1424,2019,Music,tt9849306
1425,Movie 1425,1990,Mystery,tt8023963
1426,Movie 1426,2018,Drama,tt3718884
1427,Movie 1427,1976,Horror,tt4350371
1428,Movie 1428,1986,Horror,tt3321942
1429,Movie 1429,1989,Musical,tt5194357
1430,Movie 1430,2010,Mystery,tt1875431
1431,Movie 1431,2018,Mystery,tt9062973
1432,Movie 1432,1989,Fantasy,tt7227905
1433,Movie 1433,2023,Thriller,tt2721170
1434,Movie 1434,1991,War,tt9655523
1435,Movie 1435,1997,Drama,tt3091745
1436,Movie 1436,2009,Western,tt5782563
1437,Movie 1437,2018,Thriller,tt2407191
1438,Movie 1438,1976,Crime,tt3689594
1439,Movie 1439,1970,War,tt5576678
1440,Movie 1440,2001,Thriller,tt8538325
1441,Movie 1441,1982,Biography,tt9612629
1442,Movie 1442,1999,Documentary,tt3472100
1443,Movie 1443,1992,Biography,tt8339571
1444,Movie 1444,2020,Horror,tt2538698
1445,Movie 1445,1988,Music,tt4725179
1446,Movie 1446,2001,Animation,tt8568671
1447,Movie 1447,1999,Horror,tt6865064
1448,Movie 1448,1998,Adventure,tt1447451
1449,Movie 1449,2018,Adventure,tt7960815
1450,Movie 1450,2014,Fantasy,tt1893502
1451,Movie 1451,1998,Action,tt7651393
1452,Movie 1452,1999,Drama,tt9422281
1453,Movie 1453,1985,Crime,tt7274032
1454,Movie 1454,2009,Crime,tt4955699
1455,Movie 1455,1988,Sport,tt7478792
1456,Movie 1456,1987,Sci-Fi,tt2369112
1457,Movie 1457,1970,Horror,tt7289990
1458,Movie 1458,1983,Crime,tt4767135
1459,Movie 1459,2020,Drama,tt1472908
1460,Movie 1460,2016,Thriller,tt6346644
1461,Movie 1461,2019,Film-Noir,tt2662338
1462,Movie 1462,1971,Action,tt6625238
1463,Movie 1463,2023,Music,tt3450300
1464,Movie 1464,1997,Sci-Fi,tt3308538
1465,Movie 1465,2018,Animation,tt1642620
1466,Movie 1466,2019,Drama,tt5813037
1467,Movie 1467,1999,Musical,tt8926478
1468,Movie 1468,2007,Animation,tt3328554
1469,Movie 1469,2020,Romance,tt8870361
1470,Movie 1470,1973,Music,tt8526283
1471,Movie 1471,1970,War,tt1088100
1472,Movie 1472,1977,Sci-Fi,tt2329187
1473,Movie 1473,1998,Music,tt1318832
1474,Movie 1474,2024,Crime,tt5293691
1475,Movie 1475,2008,Sci-Fi,tt4618086
1476,Movie 1476,1972,Musical,tt3508522
1477,Movie 1477,2001,Sci-Fi,tt9854536
1478,Movie 1478,1979,Drama,tt8101036
1479,Movie 1479,1979,History,tt2865405
1480,Movie 1480,1988,War,tt5833542
1481,Movie 1481,2015,Action,tt4986941
1482,Movie 1482,2003,Documentary,tt6052478
1483,Movie 1483,2002,Western,tt3044276
1484,Movie 1484,1992,Western,tt1801102
1485,Movie 1485,2024,Sci-Fi,tt5000351
1486,Movie 1486,1997,Film-Noir,tt8043503
1487,Movie 1487,2001,History,tt8669093
1488,Movie 1488,2019,Fantasy,tt2053729
1489,Movie 1489,1976,Fantasy,tt2859886
1490,Movie 1490,1998,Comedy,tt9385742
1491,Movie 1491,1977,Sci-Fi,tt9993490
1492,Movie 1492,1970,Fantasy,tt1275739
1493,Movie 1493,2024,Sci-Fi,tt9646569
1494,Movie 1494,1972,Western,tt5059048
1495,Movie 1495,1993,Thriller,tt3408819
1496,Movie 1496,1992,Documentary,tt5886733
1497,Movie 1497,1977,Fantasy,tt8201433
1498,Movie 1498,2023,Documentary,tt1026245
1499,Movie 1499,2016,Music,tt6919270
1500,Movie 1500,2006,History,tt5035998
1501,Movie 1501,1972,Musical,tt7988844
1502,Movie 1502,2020,Thriller,tt4142605
1503,Movie 1503,2002,History,tt2436363
1504,Movie 1504,1997,Music,tt9782613
1505,Movie 1505,2016,Musical,tt7049927
1506,Movie 1506,1977,Music,tt2135470
1507,Movie 1507,2003,Action,tt9825812
1508,Movie 1508,2004,Drama,tt9511546
1509,Movie 1509,2001,Horror,tt9516493
1510,Movie 1510,1993,Thriller,tt1341153
1511,Movie 1511,1983,Horror,tt7550726
1512,Movie 1512,2001,Drama,tt8887557
1513,Movie 1513,2015,Drama,tt1730386
1514,Movie 1514,2012,Western,tt7490791
1515,Movie 1515,1985,Music,tt7262974
1516,Movie 1516,1973,Horror,tt5255545
1517,Movie 1517,2021,Romance,tt1272499
1518,Movie 1518,2006,Action,tt6991041
1519,Movie 1519,2023,Music,tt2133461
1520,Movie 1520,1990,Documentary,tt6784825
1521,Movie 1521,1983,Comedy,tt5045421
1522,Movie 1522,2000,Drama,tt2739191
1523,Movie 1523,2024,Musical,tt6578736
1524,Movie 1524,2017,Music,tt3238241
1525,Movie 1525,1987,Mystery,tt1743829
1526,Movie 1526,1976,Sci-Fi,tt6910597
1527,Movie 1527,1979,Mystery,tt6679880
1528,Movie 1528,1976,War,tt3937508
1529,Movie 1529,2002,Sport,tt8795078
1530,Movie 1530,1992,Sport,tt9028420
1531,Movie 1531,1990,Adventure,tt4058117
1532,Movie 1532,1988,Biography,tt3262450
1533,Movie 1533,2017,Action,tt2058651
1534,Movie 1534,1988,Biography,tt8678589
1535,Movie 1535,2005,Sport,tt1620485
1536,Movie 1536,1998,Comedy,tt5923149
1537,Movie 1537,1987,Thriller,tt4382135
1538,Movie 1538,1971,Mystery,tt1734947
1539,Movie 1539,1970,Drama,tt4346548
1540,Movie 1540,2016,War,tt1703065
1541,Movie 1541,1974,Sci-Fi,tt6294819
1542,Movie 1542,1989,Action,tt6202210
1543,Movie 1543,1980,Horror,tt9646701
1544,Movie 1544,2011,Thriller,tt7681090
1545,Movie 1545,1971,Mystery,tt8942330
1546,Movie 1546,1972,Fantasy,tt5249899
1547,Movie 1547,1992,Documentary,tt1614394
1548,Movie 1548,2024,Adventure,tt4206183
1549,Movie 1549,1981,Fantasy,tt5800144
1550,Movie 1550,1989,Film-Noir,tt6989032
1551,Movie 1551,1974,Adventure,tt1802018
1552,Movie 1552,2006,Thriller,tt6568772
1553,Movie 1553,2007,History,tt5583814
1554,Movie 1554,1999,Music,tt3088344
1555,Movie 1555,1978,Film-Noir,tt7174337
1556,Movie 1556,2003,Musical,tt8330827
1557,Movie 1557,2022,Sport,tt7711251
1558,Movie 1558,2013,Thriller,tt8377556
1559,Movie 1559,2004,Fantasy,tt7486822
1560,Movie 1560,2021,Documentary,tt6688090
1561,Movie 1561,1991,Animation,tt4134272
1562,Movie 1562,2013,War,tt9324908
1563,Movie 1563,1993,Crime,tt9347057
1564,Movie 1564,1986,Western,tt7163058
1565,Movie 1565,1979,Adventure,tt9712003
1566,Movie 1566,1999,Crime,tt5474830
1567,Movie 1567,2015,Animation,tt2385991
1568,Movie 1568,1992,Romance,tt8121922
1569,Movie 1569,2001,Drama,tt2324175
1570,Movie 1570,1986,Adventure,tt8224389
1571,Movie 1571,2019,Sci-Fi,tt4027557
1572,Movie 1572,2020,Fantasy,tt5928582
1573,Movie 1573,1986,Horror,tt6389033
1574,Movie 1574,1983,Animation,tt2721307
1575,Movie 1575,1978,History,tt2343333
1576,Movie 1576,2009,Action,tt6501583
1577,Movie 1577,1971,Music,tt5960015
1578,Movie 1578,2014,Mystery,tt6142147
1579,Movie 1579,1994,Comedy,tt8481225
1580,Movie 1580,2008,Western,tt8149041
1581,Movie 1581,1978,Sci-Fi,tt3795835
1582,Movie 1582,2023,Crime,tt8447546
1583,Movie 1583,1991,Western,tt6897979
1584,Movie 1584,2012,History,tt8501590
1585,Movie 1585,2015,Sport,tt1710601
1586,Movie 1586,1973,Biography,tt6914963
1587,Movie 1587,1995,Animation,tt8297090
1588,Movie 1588,1998,Music,tt5606274
1589,Movie 1589,2014,Fantasy,tt1962308
1590,Movie 1590,2003,Western,tt2258981
1591,Movie 1591,1992,Crime,tt7815076
1592,Movie 1592,2006,Horror,tt7095349
1593,Movie 1593,1980,Adventure,tt9608154
1594,Movie 1594,1975,Animation,tt3684131
1595,Movie 1595,1987,Animation,tt1522452
1596,Movie 1596,1990,Horror,tt3395441
1597,Movie 1597,2011,Mystery,tt8351320
1598,Movie 1598,2005,Fantasy,tt1583829
1599,Movie 1599,2010,Drama,tt3117788
1600,Movie 1600,2007,History,tt2127988
1601,Movie 1601,2003,Romance,tt4959345
1602,Movie 1602,1986,Biography,tt7145971
1603,Movie 1603,2006,Action,tt7075878
1604,Movie 1604,1994,Documentary,tt7423230
1605,Movie 1605,2007,Adventure,tt1543335
1606,Movie 1606,1981,Comedy,tt3574265
1607,Movie 1607,1992,Documentary,tt8548448
1608,Movie 1608,2022,Biography,tt7223751
1609,Movie 1609,2011,Comedy,tt7241348
1610,Movie 1610,1991,Action,tt8448065
1611,Movie 1611,1990,Action,tt2289923
1612,Movie 1612,1996,Mystery,tt3310140
1613,Movie 1613,2000,War,tt9882862
1614,Movie 1614,1975,Thriller,tt7156398
1615,Movie 1615,1996,Film-Noir,tt7677903
1616,Movie 1616,2009,Sport,tt6274512
1617,Movie 1617,2003,Animation,tt5675638
1618,Movie 1618,1981,History,tt5187788
1619,Movie 1619,2014,Mystery,tt2903351
1620,Movie 1620,2022,History,tt1434753
1621,Movie 1621,1976,Sci-Fi,tt4121368
1622,Movie 1622,1979,Sci-Fi,tt9372568
1623,Movie 1623,2014,Crime,tt9686324
1624,Movie 1624,1986,Comedy,tt7492570
1625,Movie 1625,1995,Drama,tt2975701
1626,Movie 1626,1990,Adventure,tt5391883
1627,Movie 1627,1997,Romance,tt5366937
1628,Movie 1628,2015,War,tt8487220
1629,Movie 1629,1971,Horror,tt4599894
1630,Movie 1630,2023,Crime,tt5791184
1631,Movie 1631,2012,Action,tt9240971
1632,Movie 1632,1970,Biography,tt4358435
1633,Movie 1633,2020,Sci-Fi,tt3057514
1634,Movie 1634,2022,Music,tt3277144
1635,Movie 1635,2005,Sport,tt2242387
1636,Movie 1636,2020,Comedy,tt8584017
1637,Movie 1637,1995,Animation,tt3896693
1638,Movie 1638,1998,History,tt8467726
1639,Movie 1639,1990,Music,tt2472884
1640,Movie 1640,1980,Biography,tt6361793
1641,Movie 1641,2009,Musical,tt6828829
1642,Movie 1642,1980,History,tt2089496
1643,Movie 1643,2005,Film-Noir,tt5871470
1644,Movie 1644,2018,Thriller,tt6032437
1645,Movie 1645,2008,Sport,tt3642499
1646,Movie 1646,2009,Crime,tt3920762
1647,Movie 1647,2004,Mystery,tt7064832
1648,Movie 1648,2023,Western,tt9535505
1649,Movie 1649,2003,Film-Noir,tt4762150
1650,Movie 1650,2024,Comedy,tt3036124
1651,Movie 1651,2016,Comedy,tt4371891
1652,Movie 1652,1993,Film-Noir,tt3329967
1653,Movie 1653,2023,Comedy,tt4971774
1654,Movie 1654,1991,Animation,tt9288312
1655,Movie 1655,1974,Crime,tt1440972
1656,Movie 1656,2002,Biography,tt7054838
1657,Movie 1657,2005,Sport,tt7189302
1658,Movie 1658,2016,Fantasy,tt8841768
1659,Movie 1659,1989,Sci-Fi,tt3177199
1660,Movie 1660,1988,Music,tt2446455
1661,Movie 1661,2004,Mystery,tt2103070
1662,Movie 1662,2021,War,tt6189037
1663,Movie 1663,2012,Sci-Fi,tt7680015
1664,Movie 1664,1986,Music,tt9030667
1665,Movie 1665,2014,Romance,tt9819709
1666,Movie 1666,2012,Biography,tt7891998
1667,Movie 1667,2003,Comedy,tt7869154
1668,Movie 1668,1978,Comedy,tt2237331
1669,Movie 1669,1995,Fantasy,tt3102634
1670,Movie 1670,1971,Sci-Fi,tt6318841
1671,Movie 1671,2022,Music,tt2244282
1672,Movie 1672,1978,Adventure,tt8549319
1673,Movie 1673,1978,Music,tt8815384
1674,Movie 1674,2009,Western,tt9679860
1675,Movie 1675,1986,Thriller,tt6779998
1676,Movie 1676,1970,Animation,tt3153097
1677,Movie 1677,1994,Film-Noir,tt4052834
1678,Movie 1678,2012,Adventure,tt3164813
1679,Movie 1679,2009,Music,tt8258130
1680,Movie 1680,2011,Thriller,tt9436654
1681,Movie 1681,1994,Sci-Fi,tt1929673
1682,Movie 1682,2008,Western,tt3083077
1683,Movie 1683,2004,Musical,tt9692311
1684,Movie 1684,1972,Horror,tt3567173
1685,Movie 1685,2019,Western,tt6102363
1686,Movie 1686,2006,Horror,tt3762487
1687,Movie 1687,2013,History,tt3717354
1688,Movie 1688,2013,Documentary,tt6413349
1689,Movie 1689,2020,Biography,tt4782763
1690,Movie 1690,1999,Thriller,tt6805303
1691,Movie 1691,2007,Action,tt9705660
1692,Movie 1692,2003,Animation,tt5765539
1693,Movie 1693,1981,Music,tt2323049
1694,Movie 1694,1988,Mystery,tt5204459
1695,Movie 1695,2006,Adventure,tt4293399
1696,Movie 1696,2013,History,tt5604524
1697,Movie 1697,2018,Biography,tt3100009
1698,Movie 1698,1986,Thriller,tt6080553
1699,Movie 1699,1979,Sci-Fi,tt9950276
1700,Movie 1700,2024,Animation,tt2567468
1701,Movie 1701,2018,Sport,tt9431778
1702,Movie 1702,2016,Drama,tt3829240
1703,Movie 1703,1981,Thriller,tt3586950
1704,Movie 1704,1985,Comedy,tt3872269
1705,Movie 1705,1993,Documentary,tt6664316
1706,Movie 1706,1988,Western,tt1691125
1707,Movie 1707,1977,Drama,tt1476028
1708,Movie 1708,2000,Comedy,tt2362693
1709,Movie 1709,1990,Sci-Fi,tt1762722
1710,Movie 1710,1986,Comedy,tt5440189
1711,Movie 1711,1992,Biography,tt4536777
1712,Movie 1712,2006,Thriller,tt7989166
1713,Movie 1713,2023,Western,tt1508113
1714,Movie 1714,1985,Adventure,tt9355692
1715,Movie 1715,1975,History,tt5859883
1716,Movie 1716,1977,Music,tt6068298
1717,Movie 1717,1994,Mystery,tt9102469
1718,Movie 1718,1987,Horror,tt5108369
1719,Movie 1719,1994,Western,tt7813102
1720,Movie 1720,1981,History,tt5990112
1721,Movie 1721,1984,Documentary,tt8609207
1722,Movie 1722,1995,Comedy,tt2224284
1723,Movie 1723,2010,Sci-Fi,tt2005173
1724,Movie 1724,2014,War,tt3652149
1725,Movie 1725,1995,Fantasy,tt8375356
1726,Movie 1726,2016,Musical,tt7972975
1727,Movie 1727,2001,Horror,tt9124385
1728,Movie 1728,1979,Crime,tt8792046
1729,Movie 1729,1985,Sci-Fi,tt4422938
1730,Movie 1730,1976,Thriller,tt6707484
1731,Movie 1731,1986,Thriller,tt3410360
1732,Movie 1732,1992,Romance,tt6244264
1733,Movie 1733,1995,Horror,tt6357240
1734,Movie 1734,1990,Horror,tt6794356
1735,Movie 1735,1991,War,tt7689354
1736,Movie 1736,1976,Crime,tt3193891
1737,Movie 1737,1983,Biography,tt7216632
1738,Movie 1738,1984,Crime,tt9639932
1739,Movie 1739,2022,History,tt2781470
1740,Movie 1740,1976,Action,tt6353876
1741,Movie 1741,1978,Mystery,tt5055688
1742,Movie 1742,2020,History,tt8826111
1743,Movie 1743,2017,Thriller,tt3055576
1744,Movie 1744,1977,Sport,tt5487430
1745,Movie 1745,2019,Sci-Fi,tt8542969
1746,Movie 1746,1992,Thriller,tt5159388
1747,Movie 1747,1998,Western,tt3363534
1748,Movie 1748,1987,Musical,tt2624230
1749,Movie 1749,2000,Sport,tt1849015
1750,Movie 1750,1999,Thriller,tt5868949
1751,Movie 1751,2021,Mystery,tt7444964
1752,Movie 1752,2008,Mystery,tt8015136
1753,Movie 1753,2004,Biography,tt5165284
1754,Movie 1754,1987,Documentary,tt3679315
1755,Movie 1755,2011,Music,tt6493461
1756,Movie 1756,2008,Animation,tt6246485
1757,Movie 1757,1986,Romance,tt4184887
1758,Movie 1758,1983,Fantasy,tt3673322
1759,Movie 1759,2000,Drama,tt9359508
1760,Movie 1760,1993,War,tt9635649
1761,Movie 1761,2004,Music,tt8831858
1762,Movie 1762,2013,Sci-Fi,tt9367799
1763,Movie 1763,2014,Sci-Fi,tt6176450
1764,Movie 1764,2003,Sci-Fi,tt9344488
1765,Movie 1765,1972,Action,tt1388833
1766,Movie 1766,2006,Drama,tt2510773
1767,Movie 1767,2012,Thriller,tt7597509
1768,Movie 1768,2009,Crime,tt9479950
1769,Movie 1769,1995,Animation,tt8671057
1770,Movie 1770,2024,Comedy,tt5038756
1771,Movie 1771,1992,Music,tt4609524
1772,Movie 1772,2013,Mystery,tt6920597
1773,Movie 1773,2008,Musical,tt1816348
1774,Movie 1774,1984,Romance,tt1847927
1775,Movie 1775,2018,Sport,tt5720376
1776,Movie 1776,1973,History,tt9302946
1777,Movie 1777,1998,Animation,tt8895137
1778,Movie 1778,1991,Film-Noir,tt5794062
1779,Movie 1779,1994,Film-Noir,tt1137194
1780,Movie 1780,1982,Western,tt2803501
1781,Movie 1781,1987,Romance,tt8229768
1782,Movie 1782,2002,Horror,tt3247055
1783,Movie 1783,1985,Adventure,tt5437118
1784,Movie 1784,2014,Fantasy,tt7136730
1785,Movie 1785,2011,Animation,tt7765480
1786,Movie 1786,2013,Mystery,tt7139410
1787,Movie 1787,1971,Animation,tt1759041
1788,Movie 1788,2024,Thriller,tt7720644
1789,Movie 1789,2004,Sport,tt1858283
1790,Movie 1790,2011,Drama,tt4265774
1791,Movie 1791,2003,Sci-Fi,tt7082139
1792,Movie 1792,1999,Drama,tt5841933
1793,Movie 1793,2024,Documentary,tt2233658
1794,Movie 1794,1982,Documentary,tt7481857
1795,Movie 1795,1982,Animation,tt9460003
1796,Movie 1796,1987,Action,tt8555692
1797,Movie 1797,2001,Biography,tt5692934
1798,Movie 1798,2001,Comedy,tt2993318
1799,Movie 1799,2004,Action,tt3158613
1800,Movie 1800,2008,Mystery,tt2622046
1801,Movie 1801,2015,Comedy,tt7608607
1802,Movie 1802,2021,Music,tt7261229
1803,Movie 1803,1998,Drama,tt6688907
1804,Movie 1804,2018,Drama,tt7133857
1805,Movie 1805,1998,Comedy,tt3420404
1806,Movie 1806,2022,Fantasy,tt4339637
1807,Movie 1807,2013,Action,tt9541658
1808,Movie 1808,1985,Biography,tt7734157
1809,Movie 1809,2013,Animation,tt9389915
1810,Movie 1810,2016,Adventure,tt1675365
1811,Movie 1811,1979,Drama,tt1760064
1812,Movie 1812,1999,Fantasy,tt1652868
1813,Movie 1813,1994,Adventure,tt3299088
1814,Movie 1814,2008,Musical,tt6587495
1815,Movie 1815,1989,Musical,tt8948107
1816,Movie 1816,1974,Biography,tt9712957
1817,Movie 1817,1970,Crime,tt8666995
1818,Movie 1818,1999,History,tt3498809
1819,Movie 1819,2018,Animation,tt9648751
1820,Movie 1820,1972,Drama,tt3345135
1821,Movie 1821,2014,Animation,tt6502353
1822,Movie 1822,1983,Musical,tt6344047
1823,Movie 1823,1999,Music,tt3726331
1824,Movie 1824,2019,Music,tt7592683
1825,Movie 1825,1973,Adventure,tt6020319
1826,Movie 1826,1987,Music,tt6643410
1827,Movie 1827,2006,Thriller,tt9511333
1828,Movie 1828,1994,Crime,tt9551583
1829,Movie 1829,2017,Romance,tt9931180
1830,Movie 1830,1970,Adventure,tt9218263
1831,Movie 1831,2022,Drama,tt6029651
1832,Movie 1832,2015,Sci-Fi,tt8967375
1833,Movie 1833,1984,Adventure,tt1279121
1834,Movie 1834,1978,Film-Noir,tt7180018
1835,Movie 1835,1984,Romance,tt6557278
1836,Movie 1836,2018,Crime,tt2838859
1837,Movie 1837,1993,Adventure,tt7988386
1838,Movie 1838,1973,Adventure,tt6161977
1839,Movie 1839,1981,Music,tt1447065
1840,Movie 1840,2006,Mystery,tt8962302
1841,Movie 1841,2006,Adventure,tt5454861
1842,Movie 1842,2012,Documentary,tt4817541
1843,Movie 1843,1975,Animation,tt1861596
1844,Movie 1844,2008,Drama,tt9060593
1845,Movie 1845,2015,Musical,tt3860717
1846,Movie 1846,1993,Documentary,tt9795159
1847,Movie 1847,1980,Western,tt7378535
1848,Movie 1848,1982,Documentary,tt3479264
1849,Movie 1849,2003,Action,tt5063384
1850,Movie 1850,1994,Sci-Fi,tt1529665
1851,Movie 1851,1976,Fantasy,tt2843740
1852,Movie 1852,2021,Western,tt4200829
1853,Movie 1853,1973,Music,tt1317716
1854,Movie 1854,1977,Western,tt8399399
1855,Movie 1855,1989,Thriller,tt6262886
1856,Movie 1856,1998,Western,tt8025967
1857,Movie 1857,2023,Thriller,tt3540594
1858,Movie 1858,2022,Sci-Fi,tt7928320
1859,Movie 1859,2020,Film-Noir,tt4420734
1860,Movie 1860,2014,Film-Noir,tt7884990
1861,Movie 1861,2015,Biography,tt9419134
1862,Movie 1862,1979,Drama,tt8912226
1863,Movie 1863,2012,War,tt2044906
1864,Movie 1864,2003,War,tt3316639
1865,Movie 1865,1995,Sport,tt9702060
1866,Movie 1866,2010,Musical,tt4478616
1867,Movie 1867,2018,Sport,tt6453426
1868,Movie 1868,1972,Musical,tt9025733
1869,Movie 1869,1975,War,tt9816043
1870,Movie 1870,1974,Western,tt7322070
1871,Movie 1871,1974,Mystery,tt6263895
1872,Movie 1872,2023,Biography,tt3905518
1873,Movie 1873,2016,Music,tt8711874
1874,Movie 1874,1992,Drama,tt9944387
1875,Movie 1875,2018,Sport,tt6743294
1876,Movie 1876,1978,Horror,tt6943949
1877,Movie 1877,2004,Musical,tt5435261
1878,Movie 1878,1989,Adventure,tt9123194
1879,Movie 1879,2018,Sport,tt4225657
1880,Movie 1880,2011,Adventure,tt5135904
1881,Movie 1881,2004,History,tt5680950
1882,Movie 1882,2019,Fantasy,tt6007984
1883,Movie 1883,1987,Horror,tt4772642
1884,Movie 1884,1986,Sci-Fi,tt5993143
1885,Movie 1885,1993,Mystery,tt5848684
1886,Movie 1886,1972,Sci-Fi,tt4477544
1887,Movie 1887,2001,Sport,tt9204110
1888,Movie 1888,2004,Crime,tt6319061
1889,Movie 1889,2007,Sci-Fi,tt9049765
1890,Movie 1890,1982,Sport,tt6851946
1891,Movie 1891,2016,Drama,tt5587856
1892,Movie 1892,1994,Fantasy,tt5828304
1893,Movie 1893,1978,Crime,tt3044708
1894,Movie 1894,1973,Comedy,tt7370211
1895,Movie 1895,1983,Horror,tt7619156
1896,Movie 1896,2006,History,tt6790398
1897,Movie 1897,2003,Action,tt3457461
1898,Movie 1898,1980,History,tt5872986
1899,Movie 1899,2010,Thriller,tt1705758
1900,Movie 1900,1972,Fantasy,tt5825636
1901,Movie 1901,1997,Adventure,tt2325893
1902,Movie 1902,1998,Horror,tt6811015
1903,Movie 1903,1978,Biography,tt8421839
1904,Movie 1904,1972,Biography,tt5302415
1905,Movie 1905,1994,Sport,tt9037616
1906,Movie 1906,2003,Mystery,tt4590102
1907,Movie 1907,1981,Thriller,tt4390138
1908,Movie 1908,2011,Music,tt5548852
1909,Movie 1909,1978,Thriller,tt5557052
1910,Movie 1910,1984,Sci-Fi,tt3303058
1911,Movie 1911,2009,Crime,tt2832517
1912,Movie 1912,1994,Romance,tt5014486
1913,Movie 1913,1974,Horror,tt5067770
1914,Movie 1914,1980,Thriller,tt1851702
1915,Movie 1915,2003,Comedy,tt9909397
1916,Movie 1916,1993,Sci-Fi,tt4786141
1917,Movie 1917,1984,Action,tt4906349
1918,Movie 1918,2007,Film-Noir,tt1880654
1919,Movie 1919,1977,Mystery,tt2681042
1920,Movie 1920,1974,Western,tt7934046
1921,Movie 1921,2017,Western,tt6541407
1922,Movie 1922,1995,History,tt8925622
1923,Movie 1923,1987,Music,tt2686863
1924,Movie 1924,1975,Comedy,tt3306314
1925,Movie 1925,2006,Action,tt1086930
1926,Movie 1926,2017,Horror,tt3649811
1927,Movie 1927,1982,History,tt7826774
1928,Movie 1928,1997,Sci-Fi,tt8980915
1929,Movie 1929,1974,Biography,tt9010256
1930,Movie 1930,1982,Mystery,tt4346315
1931,Movie 1931,1986,Fantasy,tt5819172
1932,Movie 1932,2019,Western,tt6388299
1933,Movie 1933,2009,War,tt5788474
1934,Movie 1934,2014,Thriller,tt1992583
1935,Movie 1935,2001,Thriller,tt2500901
1936,Movie 1936,1998,Horror,tt4896008
1937,Movie 1937,2020,Comedy,tt9978365
1938,Movie 1938,1972,Film-Noir,tt1625760
1939,Movie 1939,2009,Sci-Fi,tt3937099
1940,Movie 1940,2003,Comedy,tt8010946
1941,Movie 1941,2009,Romance,tt3949245
1942,Movie 1942,1996,Documentary,tt1609681
1943,Movie 1943,1982,Fantasy,tt7660463
1944,Movie 1944,2014,Animation,tt9311162
1945,Movie 1945,2002,Mystery,tt4125790
1946,Movie 1946,1975,Romance,tt5856449
1947,Movie 1947,1993,Sport,tt1628578
1948,Movie 1948,1988,Musical,tt1155477
1949,Movie 1949,1985,Animation,tt6006190
1950,Movie 1950,2009,Horror,tt2800206
1951,Movie 1951,1997,Fantasy,tt6621073
1952,Movie 1952,2002,Documentary,tt5774152
1953,Movie 1953,2017,Fantasy,tt8622712
1954,Movie 1954,2010,Music,tt9796605
1955,Movie 1955,1982,Sport,tt9286475
1956,Movie 1956,2012,Comedy,tt3251501
1957,Movie 1957,2014,Music,tt9459284
1958,Movie 1958,1994,Biography,tt8852085
1959,Movie 1959,2022,Adventure,tt5577446
1960,Movie 1960,2011,Romance,tt4234838
1961,Movie 1961,2005,Fantasy,tt2889899
1962,Movie 1962,1996,Fantasy,tt6547958
1963,Movie 1963,2007,Crime,tt3726201
1964,Movie 1964,1976,History,tt8699307
1965,Movie 1965,1974,Action,tt5316188
1966,Movie 1966,2012,Biography,tt4123902
1967,Movie 1967,2014,Music,tt1236293
1968,Movie 1968,2020,Music,tt6655803
1969,Movie 1969,2000,Music,tt5949685
1970,Movie 1970,1992,Adventure,tt4240708
1971,Movie 1971,2011,Fantasy,tt3944316
1972,Movie 1972,1979,Drama,tt7802999
1973,Movie 1973,2001,Documentary,tt8175669
1974,Movie 1974,2012,Biography,tt9644974
1975,Movie 1975,2022,Sport,tt6501696
1976,Movie 1976,1999,Animation,tt2455218
1977,Movie 1977,2008,Crime,tt7724865
1978,Movie 1978,2000,Horror,tt2600296
1979,Movie 1979,1987,Horror,tt4100114
1980,Movie 1980,2005,Western,tt3359075
1981,Movie 1981,1971,Drama,tt9010350
1982,Movie 1982,1983,Action,tt6429135
1983,Movie 1983,1982,Biography,tt5161539
1984,Movie 1984,1998,Western,tt1114590
1985,Movie 1985,1981,History,tt5375250
1986,Movie 1986,2008,Animation,tt7435310
1987,Movie 1987,1971,Music,tt4951390
1988,Movie 1988,2001,Sci-Fi,tt8494978
1989,Movie 1989,1982,Film-Noir,tt5479421
1990,Movie 1990,2015,Western,tt6530194
1991,Movie 1991,1996,Horror,tt6065810
1992,Movie 1992,2018,Mystery,tt1191859
1993,Movie 1993,2010,Western,tt5388133
1994,Movie 1994,1986,Film-Noir,tt7032283
1995,Movie 1995,2009,Musical,tt4964499
1996,Movie 1996,2000,Music,tt2042273
1997,Movie 1997,2003,Comedy,tt2983483
1998,Movie 1998,1993,Crime,tt8808032
1999,Movie 1999,2014,Adventure,tt6147356
2000,Movie 2000,2004,Sci-Fi,tt3679603
